{"body.stage1.0.0": {"0.9": 0.0, "0.8": 0.09148233618704203, "0.7": 0.11962102754774055, "0.6": 0.6530133727762156, "0.5": 0.6699503493036038, "0.4": 0.6699503493036038, "0.30000000000000004": 0.688998023692294, "0.19999999999999996": 0.8407341766332581, "0.09999999999999998": 0.8422959034327812, "0.0": 0.8423331686660767}, "body.stage1.1.0": {"0.9": 0.00011868417573617723, "0.8": 0.0035288300524939937, "0.7": 0.7252650527197292, "0.6": 0.7518980829550478, "0.5": 0.8031398948604688, "0.4": 0.8031398948604688, "0.30000000000000004": 0.8034668917572239, "0.19999999999999996": 0.818910043616472, "0.09999999999999998": 0.818093278435414, "0.0": 0.8423331686660767}, "body.stage1.1.3": {"0.9": 0.00017041712655689972, "0.8": 0.003261738051722351, "0.7": 0.0013699554608190964, "0.6": 0.4611512891274123, "0.5": 0.6969925601576428, "0.4": 0.7555962738747599, "0.30000000000000004": 0.8209027261796535, "0.19999999999999996": 0.8252264726287285, "0.09999999999999998": 0.8387814830524336, "0.0": 0.8423331686660767}, "body.stage1.2.0": {"0.9": 1.569316698760732e-07, "0.8": 0.008508963055780668, "0.7": 0.008778305187149801, "0.6": 0.04257936251772548, "0.5": 0.2048484424263194, "0.4": 0.2861512796415737, "0.30000000000000004": 0.4205379887035434, "0.19999999999999996": 0.5489567159081283, "0.09999999999999998": 0.8243210344618342, "0.0": 0.8423331686660767}, "body.stage1.2.3": {"0.9": 0.004369838863063296, "0.8": 0.006623259015492804, "0.7": 0.043482472074975, "0.6": 0.07555611479267235, "0.5": 0.08451181890606389, "0.4": 0.66541292350558, "0.30000000000000004": 0.7010479665924073, "0.19999999999999996": 0.7570593144168608, "0.09999999999999998": 0.7969066616856647, "0.0": 0.8423331686660767}, "body.stage1.3.0": {"0.9": 2.205556321634606e-05, "0.8": 2.0903374104631992e-06, "0.7": 0.0001788161261596407, "0.6": 0.001313054280586693, "0.5": 0.03747214721334092, "0.4": 0.023179593654120655, "0.30000000000000004": 0.7053605842124832, "0.19999999999999996": 0.7239517545904276, "0.09999999999999998": 0.7827288377365479, "0.0": 0.8423331686660767}, "body.stage1.3.3": {"0.9": 0.00022038340833160824, "0.8": 0.002415423974558141, "0.7": 0.3222291594474964, "0.6": 0.22833184740062243, "0.5": 0.49657805100019625, "0.4": 0.637009790570968, "0.30000000000000004": 0.7313993397888222, "0.19999999999999996": 0.7768009122217027, "0.09999999999999998": 0.7917939106212675, "0.0": 0.8423331686660767}, "body.stage1.4.0": {"0.9": 1.6271702727041563e-05, "0.8": 0.000455260095699456, "0.7": 0.006140475683320229, "0.6": 0.4184871287245298, "0.5": 0.46917832793272957, "0.4": 0.6895632795320245, "0.30000000000000004": 0.744634329711536, "0.19999999999999996": 0.7991567636489072, "0.09999999999999998": 0.820836420429366, "0.0": 0.8423331686660767}, "body.stage1.4.3": {"0.9": 7.40760439739278e-05, "0.8": 0.0011917696417276158, "0.7": 0.019425997959757826, "0.6": 0.16764014108018008, "0.5": 0.2744471102151797, "0.4": 0.4944473887042518, "0.30000000000000004": 0.6194483906749081, "0.19999999999999996": 0.7612208877919681, "0.09999999999999998": 0.7725269996813887, "0.0": 0.8423331686660767}, "body.stage1.5.0": {"0.9": 0.0, "0.8": 0.0, "0.7": 0.0, "0.6": 7.079777609577126e-07, "0.5": 6.240634913842534e-05, "0.4": 2.7805316078564674e-05, "0.30000000000000004": 5.337939565282592e-05, "0.19999999999999996": 0.3328089159776299, "0.09999999999999998": 0.7160726089735444, "0.0": 0.8423331686660767}, "body.stage1.5.3": {"0.9": 7.719982081788585e-05, "0.8": 0.0014052258863545691, "0.7": 0.0913600137647592, "0.6": 0.36298347073406445, "0.5": 0.4760010950477409, "0.4": 0.7149940736657318, "0.30000000000000004": 0.7443098200224084, "0.19999999999999996": 0.7940590296434872, "0.09999999999999998": 0.8341034203455262, "0.0": 0.8423331703052934}, "body.stage2.0.0": {"0.9": 0.14887665951610166, "0.8": 0.18402224741572046, "0.7": 0.25616124961013226, "0.6": 0.2448901873482893, "0.5": 0.4831020149910928, "0.4": 0.5631137500601755, "0.30000000000000004": 0.8113790213808865, "0.19999999999999996": 0.8207758631947977, "0.09999999999999998": 0.836387362793016, "0.0": 0.8423331703052934}, "body.stage2.0.3": {"0.9": 0.007207972382254985, "0.8": 0.01165782610124813, "0.7": 0.10438274016225785, "0.6": 0.0333520818512755, "0.5": 0.19214254111255488, "0.4": 0.545454378683936, "0.30000000000000004": 0.7052693316700567, "0.19999999999999996": 0.7979492937339042, "0.09999999999999998": 0.8354438661404685, "0.0": 0.8423331703052934}, "body.stage2.1.0": {"0.9": 0.013976444357123275, "0.8": 0.015557526479293544, "0.7": 0.06445788401225135, "0.6": 0.13125852138605845, "0.5": 0.1576596277386104, "0.4": 0.1921422063153929, "0.30000000000000004": 0.31037634270442843, "0.19999999999999996": 0.32705504685102044, "0.09999999999999998": 0.6206142806925644, "0.0": 0.8423331703052934}, "body.stage2.1.3": {"0.9": 0.18624227109704158, "0.8": 0.11105751851137761, "0.7": 0.26778546154564387, "0.6": 0.48885156876958774, "0.5": 0.621560590093449, "0.4": 0.7213467590342004, "0.30000000000000004": 0.7721784873662494, "0.19999999999999996": 0.8033317874320395, "0.09999999999999998": 0.8249790546318029, "0.0": 0.8423331703052934}, "body.stage2.2.0": {"0.9": 0.04193340453140193, "0.8": 0.06023219406088328, "0.7": 0.06015119890930459, "0.6": 0.09104206468304228, "0.5": 0.1289767505962849, "0.4": 0.19911402326321415, "0.30000000000000004": 0.4112573150466225, "0.19999999999999996": 0.5791423617484145, "0.09999999999999998": 0.8001759398393551, "0.0": 0.8423331703052934}, "body.stage2.2.3": {"0.9": 0.06341142237435206, "0.8": 0.13370638306467672, "0.7": 0.2802890334859385, "0.6": 0.24738433931045023, "0.5": 0.45567901725776255, "0.4": 0.6419255958902594, "0.30000000000000004": 0.7859140075414093, "0.19999999999999996": 0.821738708463689, "0.09999999999999998": 0.8370031035524903, "0.0": 0.8423331703052934}, "body.stage2.3.0": {"0.9": 0.1368140104328596, "0.8": 0.13096311865094915, "0.7": 0.1947200000117445, "0.6": 0.365026105628357, "0.5": 0.4499199231043045, "0.4": 0.587449579950949, "0.30000000000000004": 0.7467840046687143, "0.19999999999999996": 0.7724426734574216, "0.09999999999999998": 0.7849152183610002, "0.0": 0.8423331703052934}, "body.stage2.3.3": {"0.9": 0.019488176491813336, "0.8": 0.07982129152615788, "0.7": 0.27313683655067705, "0.6": 0.3800639933811369, "0.5": 0.579219155334754, "0.4": 0.69845420783351, "0.30000000000000004": 0.7799768963941393, "0.19999999999999996": 0.8111683057732192, "0.09999999999999998": 0.8396697277333894, "0.0": 0.8423331703052934}, "body.stage2.4.0": {"0.9": 0.00509101623058012, "0.8": 0.05060230164746101, "0.7": 0.056005552896983286, "0.6": 0.05817052781950388, "0.5": 0.1343290619604071, "0.4": 0.4750893642522726, "0.30000000000000004": 0.7229679674202257, "0.19999999999999996": 0.765733942084697, "0.09999999999999998": 0.8298633510019595, "0.0": 0.8423331703052934}, "body.stage2.4.3": {"0.9": 0.01963747203843865, "0.8": 0.2726501963009746, "0.7": 0.3656560490673788, "0.6": 0.5745503317390603, "0.5": 0.6108997311010588, "0.4": 0.7454909264481365, "0.30000000000000004": 0.7863240766289747, "0.19999999999999996": 0.8082258917335515, "0.09999999999999998": 0.8236962647920323, "0.0": 0.842333169859547}, "body.stage2.5.0": {"0.9": 0.15773280405769677, "0.8": 0.20233510652360073, "0.7": 0.3555902483885605, "0.6": 0.5262852836113447, "0.5": 0.46042397055709205, "0.4": 0.6184107597896948, "0.30000000000000004": 0.7216937880845623, "0.19999999999999996": 0.7945196359703584, "0.09999999999999998": 0.8250521100917888, "0.0": 0.842333169859547}, "body.stage2.5.3": {"0.9": 0.3361310636636137, "0.8": 0.5451154663290897, "0.7": 0.45252429340507466, "0.6": 0.6400790372247855, "0.5": 0.7140577198583667, "0.4": 0.7594430356627625, "0.30000000000000004": 0.7837184730162728, "0.19999999999999996": 0.8162011104155381, "0.09999999999999998": 0.8386581367956261, "0.0": 0.842333169859547}, "body.stage3.0.0": {"0.9": 0.6196217317513298, "0.8": 0.5217125506500572, "0.7": 0.5654714870454144, "0.6": 0.6355384426065802,