{"fpn.merge1.0": [[0.1, [0.9238874648206807, 0.7246452128219103, 0.3035623819744496]], [0.2, [0.9238873771611095, 0.7246448443647141, 0.30356221291450347]], [0.3, [0.9238874574595468, 0.7246763943659282, 0.30357544237975215]], [0.4, [0.9238874648206807, 0.7246452128219103, 0.3035623819744496]], [0.5, [0.9238863621325316, 0.7250552876775989, 0.3038177689936236]], [0.6, [0.9238825609867413, 0.7259643108101568, 0.3043356915682798]], [0.7, [0.9239031908716817, 0.7369651691013691, 0.31096380929831813]], [0.8, [0.9239325505934399, 0.7302391975002583, 0.30765314722173714]], [0.9, [0.9237541795440009, 0.7340666731964046, 0.3172804856681514]], [1.0, [0.9070763212311681, 0.8816503710925362, 0.7382728150117654]]], "fpn.merge2.0": [[0.1, [0.3780008430060905, 0.5211356120687016, 0.4229819269054068]], [0.2, [0.6102455794284352, 0.6658200905090974, 0.45250132032761436]], [0.3, [0.804637297932687, 0.7056818637198181, 0.3733302844676306]], [0.4, [0.8679740732731999, 0.8031052726330868, 0.500324069414737]], [0.5, [0.8516160147757517, 0.8517162288171967, 0.6358883278632368]], [0.6, [0.8545749126915965, 0.8578378170546294, 0.6637255824702374]], [0.7, [0.8650321949146782, 0.8662113104706606, 0.6900375598171816]], [0.8, [0.8963112005561801, 0.8698422469734741, 0.713176295077786]], [0.9, [0.9038042394978715, 0.8822905802305245, 0.7198657473985839]], [1.0, [0.9070763212311681, 0.8816503710925362, 0.7382728150117654]]], "ssh1.conv3X3.0": [[0.1, [0.9243735032841861, 0.8012752766281523, 0.3702233641048496]], [0.2, [0.9243847858999203, 0.8038250228366888, 0.36862359119947463]], [0.3, [0.924480823540536, 0.8055804185154053, 0.3893681939450814]], [0.4, [0.9245404463778752, 0.8115419756000782, 0.39531939060736454]], [0.5, [0.925581217765684, 0.8743375797958878, 0.591938908012472]], [0.6, [0.9245654990635757, 0.8796380480517425, 0.6254981298518325]], [0.7, [0.9242039088014787, 0.8755082991888962, 0.6294154388127163]], [0.8, [0.919881671530721, 0.8838164555840876, 0.7057467819216969]], [0.9, [0.9192609003703759, 0.8834466694342407, 0.7100953860873729]], [1.0, [0.9070763212311681, 0.8816503710925362, 0.7382728150117654]]], "ssh1.conv5X5_1.0": [[0.1, [0.8801770232047778, 0.7959865217366777, 0.6608284587205594]], [0.2, [0.8828559376204601, 0.8118931135344802, 0.6726503167494248]], [0.3, [0.885481316283033, 0.8212723665255972, 0.677764704972958]], [0.4, [0.8957252153617399, 0.8465891194734149, 0.6919331950080437]], [0.5, [0.8863296664801565, 0.8355386922029273, 0.6966859318492671]], [0.6, [0.8905080949935907, 0.8424053036329322, 0.6959382900176463]], [0.7, [0.8815941073599485, 0.8561577595256258, 0.7188838726321268]], [0.8, [0.8830319355642834, 0.8590294602780244, 0.7230547474918291]], [0.9, [0.8884429527450236, 0.8720779627752295, 0.7308601899374844]], [1.0, [0.9070763212311681, 0.8816503710925362, 0.7382728150117654]]], "ssh1.conv5X5_2.0": [[0.1, [0.9226932397946659, 0.8900353343129463, 0.676748572352279]], [0.2, [0.9238790738928119, 0.8915092942914948, 0.6802973727785298]], [0.3, [0.9243487001056983, 0.8925467660608327, 0.6878529498297947]], [0.4, [0.9221776511448633, 0.8932110370963573, 0.6996455600731855]], [0.5, [0.9209563456391507, 0.8928080728768215, 0.7091947901772959]], [0.6, [0.918506286784463, 0.8898140360505598, 0.7217548031484811]], [0.7, [0.9136030878858867, 0.883738779322492, 0.732075930715593]], [0.8, [0.9067085035697113, 0.8804145151523077, 0.7366701044652533]], [0.9, [0.9078261952770522, 0.8817969352362636, 0.7376956620567465]], [1.0, [0.9070763212311681, 0.8816503710925362, 0.7382728150117654]]], "ssh1.conv7X7_2.0": [[0.1, [0.8907058020028757, 0.8477621869461561, 0.713739582092873]], [0.2, [0.8916928327771153, 0.8533584157981488, 0.7258949877020691]], [0.3, [0.8956437241478944, 0.8562797031589854, 0.7271146151477377]], [0.4, [0.905479541964639, 0.8813715090435634, 0.7211573199055207]], [0.5, [0.9057320549710505, 0.8839468663186755, 0.7244454934781663]], [0.6, [0.9027383939162221, 0.8839585583702952, 0.7317576474676684]], [0.7, [0.9036830910823107, 0.8866908972370682, 0.7308957732108994]], [0.8, [0.905805534871434, 0.8883617168324882, 0.7312239686486671]], [0.9, [0.9076032472976049, 0.8886421603532442, 0.7331072070458869]], [1.0, [0.9070763212311681, 0.8816503710925362, 0.7382728150117654]]], "ssh1.conv7x7_3.0": [[0.1, [0.9138967756829846, 0.8507341730611416, 0.6663061476305232]], [0.2, [0.9084195270527065, 0.8493804423436184, 0.6456845508809225]], [0.3, [0.9075088069476398, 0.8454638389318758, 0.6547365928669573]], [0.4, [0.9097216414593474, 0.850468385216462, 0.7004134167019389]], [0.5, [0.9084859406414993, 0.8553429130512642, 0.705558470209778]], [0.6, [0.9101876782713437, 0.8588298353773175, 0.707582711799886]], [0.7, [0.9078662818156066, 0.8625988702496031, 0.712002191999238]], [0.8, [0.9134781584501802, 0.8753001913340016, 0.7186993383711737]], [0.9, [0.9116134025835008, 0.8811502899974686, 0.7300384699066647]], [1.0, [0.9070763212311681, 0.8816503710925362, 0.7382728150117654]]], "ssh2.conv3X3.0": [[0.1, [0.8149091347102904, 0.8443750149685834, 0.7285985555133588]], [0.2, [0.8272655656712787, 0.8483636817785739, 0.7295707855232626]], [0.3, [0.8305365360785278, 0.8502277390454429, 0.7306257943328182]], [0.4, [0.8565498778433653, 0.8607110940885655, 0.7342259193110516]], [0.5, [0.8646231461884878, 0.8638461853186683, 0.7350360818761832]], [0.6, [0.8639308148198241, 0.8636437033398136, 0.7350665938609406]], [0.7, [0.87146932549621, 0.8669406600552603, 0.7361627721085401]], [0.8, [0.8750998646783521, 0.8684045162764836, 0.7364773052797507]], [0.9, [0.8957176199508239, 0.8765234602249142, 0.7384255015882168]], [1.0, [0.9070763212311681, 0.8816503710925362, 0.7382728150117654]]], "ssh2.conv5X5_1.0": [[0.1, [0.7603862274154994, 0.8189425172393828, 0.7154036110881814]], [0.2, [0.8649395055609342, 0.8645567755386919, 0.731501544422259]], [0.3, [0.8650003310532748, 0.8652585005200139, 0.7329186622300105]], [0.4, [0.8801334607056498, 0.8709783862354752, 0.7345196316634983]], [0.5, [0.8922859641951346, 0.8757567990406259, 0.7350359812350402]], [0.6, [0.9119972656673708, 0.8814419297907525, 0.72899133361663]], [0.7, [0.9081299031256944, 0.881808548377316, 0.7350640634084116]], [0.8, [0.905366757590573, 0.8806906335667836, 0.7361186973661116]], [0.9, [0.9115612615161767, 0.883245721023535, 0.7368175480413701]], [1.0, [0.9070763212311681, 0.8816503710925362, 0.7382728150117654]]], "ssh2.conv5X5_2.0": [[0.1, [0.8395383674956927, 0.8538104807200665, 0.731448954474391]], [0.2, [0.8388763426408573, 0.8537640353048521, 0.7318203318032311]], [0.3, [0.8474394321898151, 0.8570073845633654, 0.7329036751467791]], [0.4, [0.8598397503755377, 0.8623168994343928, 0.7349390528472848]], [0.5, [0.8686843825065472, 0.8658697722058117, 0.7360900236347732]], [0.6, [0.8726999527665384, 0.8674744201454075, 0.7365442651954262]], [0.7, [0.8768411120525996, 0.868968257384368, 0.736867681263131]], [0.8, [0.8909671258567982, 0.8747840216735391, 0.7385195384128815]], [0.9, [0.9000525128366186, 0.878701907855518, 0.7388323304253966]], [1.0, [0.9070763212311681, 0.8816503710925362, 0.7382728150117654]]]}