{"body.stage1.5.3": [[0.1, [0.7705224074471517, 0.6761079640701161, 0.35372558861637876]], [0.2, [0.8017675091754056, 0.7550097164586332, 0.4551392100037775]], [0.3, [0.861854989148656, 0.8135868928136989, 0.5078803320941241]], [0.4, [0.8674758932211947, 0.8205520787470408, 0.5303366001000781]], [0.5, [0.8755070118728827, 0.8367092485727152, 0.55355778435121]], [0.6, [0.8799230134658605, 0.8410497957790269, 0.5643767980403961]], [0.7, [0.8890351194731385, 0.8529471643427182, 0.5799065772161259]], [0.8, [0.8937199067174008, 0.8541289079189007, 0.5760214699301308]], [0.9, [0.8914444276724846, 0.8558926002429813, 0.5838800050385595]], [1.0, [0.892878448516365, 0.8594808352616248, 0.5898255194527648]]], "body.stage2.0.0": [[0.1, [0.8195959941842172, 0.796714148224815, 0.5248059626959671]], [0.2, [0.856765159071956, 0.8228269272227935, 0.5669722243658618]], [0.3, [0.8772970118637371, 0.8469643247957312, 0.5732986076847101]], [0.4, [0.878885495582121, 0.8444054863069637, 0.5842264045253134]], [0.5, [0.8831660867236657, 0.8508690241982875, 0.5732780983589146]], [0.6, [0.8851781485527815, 0.851987833136429, 0.5795480104409858]], [0.7, [0.8876377426786194, 0.8535393590997684, 0.5816476287923065]], [0.8, [0.8894794630261371, 0.8532451810746351, 0.581204023315101]], [0.9, [0.8898405692567972, 0.8597591567133375, 0.602510774329575]], [1.0, [0.8934386231312695, 0.8590741774517676, 0.5784374094527573]]], "body.stage2.0.3": [[0.1, [0.82469201253489, 0.7966954988956985, 0.5452283145169435]], [0.2, [0.8463796682734357, 0.8197427420307772, 0.5451496179239419]], [0.3, [0.8549327262192901, 0.827616886426819, 0.578259452900319]], [0.4, [0.8717149403081423, 0.8403040107952159, 0.557057590965236]], [0.5, [0.8823671545375007, 0.8509542567536217, 0.5757247108140239]], [0.6, [0.8809254291516455, 0.8481588707775448, 0.5849038295732536]], [0.7, [0.882842413604553, 0.8472067704459685, 0.5831110243508448]], [0.8, [0.8910349133918605, 0.8577314764481346, 0.589852665998797]], [0.9, [0.8901462968674445, 0.8534142097265314, 0.5872171195083515]], [1.0, [0.887363627701846, 0.8549433792668224, 0.6021048541031402]]], "body.stage2.1.0": [[0.1, [0.7755600535632359, 0.7560495552864985, 0.4954379773748243]], [0.2, [0.8265866518541418, 0.800964113559816, 0.5366763650033297]], [0.3, [0.8544275956350069, 0.8211400548300938, 0.5230159429634746]], [0.4, [0.8643630546029699, 0.8289733760664857, 0.5446589209643943]], [0.5, [0.8736742125322603, 0.8459230258634909, 0.5619605812366566]], [0.6, [0.8708908349663785, 0.8377268160028319, 0.5737911703304537]], [0.7, [0.8871942738011173, 0.8535728660018358, 0.5733045637355699]], [0.8, [0.8904989149479124, 0.8539615285641993, 0.5819778046758687]], [0.9, [0.8857055069352027, 0.854722882184041, 0.586342595592169]], [1.0, [0.8910225394010839, 0.8569549653233973, 0.5856648896628237]]], "body.stage2.1.3": [[0.1, [0.8212250310378695, 0.7942012148638958, 0.5470482924479272]], [0.2, [0.8545785271983521, 0.8213583132298581, 0.5475383325695082]], [0.3, [0.8628644849669819, 0.8330362657564243, 0.5750859099610259]], [0.4, [0.8763644910705339, 0.8421245334882042, 0.5609235744439072]], [0.5, [0.877003883168967, 0.8425463453293955, 0.5594488361695434]], [0.6, [0.880170599203741, 0.8479873754064062, 0.5813412684758565]], [0.7, [0.8789694856199233, 0.8466047725300578, 0.5952233733067284]], [0.8, [0.8854293528629383, 0.8483007719645987, 0.5703596072660495]], [0.9, [0.8882116282562678, 0.8553987320544956, 0.5881985459129776]], [1.0, [0.8893686770881726, 0.8567713816204837, 0.6008893506587574]]]}