{"body.stage1.5.3": [[0.1, [0.0001310658254172095, 7.095995698502124e-05, 2.9573680051426802e-05]], [0.2, [0.0023836730533274425, 0.0012930892768981941, 0.0005389153288380702]], [0.3, [0.13352878337970533, 0.0983870078064239, 0.04216425010814838]], [0.4, [0.5202346020608506, 0.3864895415693217, 0.18222626857202118]], [0.5, [0.6307246994443597, 0.5008807486952209, 0.2963978370036421]], [0.6, [0.8501163896866449, 0.7670624247925968, 0.5278034065179533]], [0.7, [0.8910441116237072, 0.8151200674091084, 0.5267652810344097]], [0.8, [0.9029602756188105, 0.847075275368657, 0.6321415379429941]], [0.9, [0.9083241464032998, 0.8746476122149351, 0.7193385024183436]], [1.0, [0.9070763210493583, 0.8816503707130199, 0.7382728191535024]]], "body.stage2.0.0": [[0.1, [0.022033747162094268, 0.23102168237835763, 0.19357454900785304]], [0.2, [0.04430872967582921, 0.2779061475291513, 0.22985186504218083]], [0.3, [0.07505934110512695, 0.3326615198940353, 0.36076288783123456]], [0.4, [0.06453744659840271, 0.31654074396464216, 0.35359237148182304]], [0.5, [0.46387411068756346, 0.5652629937378025, 0.42016894054791226]], [0.6, [0.573744314788456, 0.6343152168565215, 0.48128171853554913]], [0.7, [0.8702962194871195, 0.8465131878858778, 0.717327656769662]], [0.8, [0.8867689595190983, 0.8597756730608747, 0.7157829570044199]], [0.9, [0.9074410304995517, 0.8790117299148266, 0.7227093279646699]], [1.0, [0.9070763210493583, 0.8816503707130199, 0.7382728191535024]]], "body.stage2.0.3": [[0.1, [0.0004431207107305187, 0.010490277745342828, 0.010690518690691606]], [0.2, [0.0008664359120668112, 0.01653136933578396, 0.017575673055893616]], [0.3, [0.012857044148704748, 0.13963200764301326, 0.16065916869505553]], [0.4, [0.004761115373035536, 0.04381606833516498, 0.05147906184562598]], [0.5, [0.11319810367307728, 0.2520625037625832, 0.21116701590200418]], [0.6, [0.5702750447234776, 0.5893351194302745, 0.4767529718980559]], [0.7, [0.7654812412179203, 0.7411521413136938, 0.6091746124785559]], [0.8, [0.8631682883313414, 0.836699661407094, 0.6939799314632775]], [0.9, [0.899288839371361, 0.8739690970834464, 0.7330736619665982]], [1.0, [0.9070763210493583, 0.8816503707130199, 0.7382728191535024]]], "body.stage2.1.0": [[0.1, [0.0009681975920240709, 0.025924171610360976, 0.015036963868984777]], [0.2, [0.0006853641166346035, 0.027923142853460824, 0.018064072467785207]], [0.3, [0.014542738833093165, 0.10940413178287678, 0.0694267814207841]], [0.4, [0.03723415692726304, 0.2068025401490694, 0.1497388670818429]], [0.5, [0.05354764311629952, 0.2440904639175907, 0.17534077618194097]], [0.6, [0.07786458682815522, 0.2904461437939949, 0.20811588832402844]], [0.7, [0.2668254599625838, 0.41340417678713437, 0.2508993913635671]], [0.8, [0.28718647090852767, 0.4270358865909216, 0.2669427830536119]], [0.9, [0.7006115674386741, 0.6898234285522998, 0.4714078460867193]], [1.0, [0.9070763210493583, 0.8816503707130199, 0.7382728191535024]]], "body.stage2.1.3": [[0.1, [0.013963085265713914, 0.1863756851702147, 0.3583880428551961]], [0.2, [0.00891956219987414, 0.13490999797149716, 0.18934299536276156]], [0.3, [0.08211517748650718, 0.2965999350612664, 0.4246412720891581]], [0.4, [0.4251507996845301, 0.5299264581192652, 0.5114774485049678]], [0.5, [0.598998288915479, 0.656297853095476, 0.6093856282693921]], [0.6, [0.7417521154074966, 0.7536448831620874, 0.6686432785330173]], [0.7, [0.8070843441790159, 0.8062022913500588, 0.7032488265696735]], [0.8, [0.858931653723915, 0.8366084849598414, 0.714455223612362]], [0.9, [0.881820878944173, 0.86069663994944, 0.7324196450017956]], [1.0, [0.9070763210493583, 0.8816503707130199, 0.7382728191535024]]], "body.stage2.2.0": [[0.1, [0.02060668254905273, 0.0724784635070414, 0.03271506753811165]], [0.2, [0.032411656408460936, 0.10155900742771083, 0.04672591834647806]], [0.3, [0.03597154040634473, 0.09915571123258228, 0.04532634508898674]], [0.4, [0.056542406368649066, 0.14663482188110397, 0.06994896579937383]], [0.5, [0.08439646998518416, 0.20228733826117332, 0.10024644354249732]], [0.6, [0.15211931387653277, 0.2889170952377267, 0.15630566067538296]], [0.7, [0.4567833258562043, 0.5065220769645016, 0.27046654231916156]], [0.8, [0.6969963929715856, 0.6722855208677412, 0.3681451714059166]], [0.9, [0.8879764382196295, 0.8580192844286735, 0.6545320968697622]], [1.0, [0.9070763210493583, 0.8816503707130199, 0.7382728191535024]]], "body.stage2.2.3": [[0.1, [0.00022669971859318487, 0.039633155837313985, 0.15037441156714904]], [0.2, [0.020603696556927953, 0.13489959794795378, 0.2456158546891484]], [0.3, [0.250110077795744, 0.2979451294023252, 0.2928118932597462]], [0.4, [0.21107845379040913, 0.2755269291724339, 0.25554763496850774]], [0.5, [0.47044976388700716, 0.48206957731251976, 0.41451771057376074]], [0.6, [0.6847254790990852, 0.6789381928439197, 0.5621131157277734]], [0.7, [0.8371115619699264, 0.8163224289744677, 0.7043080316798338]], [0.8, [0.8793284196364146, 0.8585084724397919, 0.7273792333148609]], [0.9, [0.900240086948171, 0.8749680367715957, 0.7358011869377039]], [1.0, [0.9070763210493583, 0.8816503707130199, 0.7382728191535024]]], "body.stage2.3.0": [[0.1, [0.027507239461840846, 0.18931616693309647, 0.19361862490364148]], [0.2, [0.03493288921776207, 0.17833508081034843, 0.17962138592473698]], [0.3, [0.16236367151717984, 0.2205480799506624, 0.20124824856739124]], [0.4, [0.39129499925495725, 0.3961389711715251, 0.30764434645858885]], [0.5, [0.527585517664345, 0.48307206630251387, 0.3391021853460545]], [0.6, [0.6547518934284393, 0.6075366456804041, 0.5000602007440036]], [0.7, [0.7929553876470283, 0.7740143669755342, 0.6733822593835805]], [0.8, [0.8339589749493258, 0.8000777674601093, 0.6832912779628295]], [0.9, [0.8433186200478203, 0.8118134172392489, 0.6996136177959312]], [1.0, [0.9070763210493583, 0.8816503707130199, 0.7382728191535024]]], "body.stage2.3.3": [[0.1, [0.006381208089487073, 0.027229749810527528, 0.024853571575425403]], [0.2, [0.03468944889379916, 0.08543385341470225, 0.11934057226997224]], [0.3, [0.195035878125425, 0.34130320077056525, 0.2830714307560409]], [0.4, [0.2641631413345263, 0.4668516956984603, 0.40917714311042397]], [0.5, [0.5558068286561807, 0.6672647128628252, 0.5145859244852561]], [0.6, [0.7502022299673288, 0.7795616057109611, 0.5655987878222402]], [0.7, [0.8264297519799745, 0.8327137120683172, 0.6807872251341258]], [0.8, [0.8761652317672431, 0.8631523420243744, 0.6941873435280403]], [0.9, [0.9064763563779982, 0.8860464004500649, 0.7264864263721056]], [1.0, [0.9070763210493583, 0.8816503707130199, 0.7382728191535024]]], "body.stage2.4.0": [[0.1, [0.0010177474089912981, 0.008764907109701753, 0.005490394173047307]], [0.2, [0.014231127867353002, 0.08642955510979256, 0.05114622196523745]], [0.3, [0.044772891883189066, 0.07346406576136252, 0.04977970104639828]], [0.4, [0.05018100577705219, 0.07363461148158806, 0.05069596619987138]], [0.5, [0.13944983608453448, 0.16678742636678084, 0.09674992342990599]], [0.6, [0.5891712726209525, 0.541357717594209, 0.2947391025416565]], [0.7, [0.8413736437902757, 0.7773979376616059, 0.5501323208087956]], [0.8, [0.862811527996748, 0.8140562675960725, 0.6203340306612704]], [0.9, [0.8954532165529806, 0.8689885426038675, 0.7251482938490301]], [1.0, [0.9070763210493583, 0.8816503707130199, 0.7382728191535024]]]}