{"ssh3.conv7X7_2.0": [[0.1, [0.889574420985726, 0.8573805340148073, 0.614398235315281]], [0.2, [0.8940323275664716, 0.8613590472526677, 0.6101804283639306]], [0.3, [0.8947191467459419, 0.8616794943864011, 0.5992053797913252]], [0.4, [0.8887493235452699, 0.853797673076874, 0.5836467166973129]], [0.5, [0.8919768872146623, 0.8568010096885532, 0.6032505750320682]], [0.6, [0.8936927245153208, 0.85822093453236, 0.5940574979409688]], [0.7, [0.8972987162243204, 0.866917683632212, 0.6025804621403587]], [0.8, [0.8919902673223781, 0.8562607810582425, 0.5936380417698963]], [0.9, [0.8947300363297916, 0.8639332362152782, 0.5891812688526862]], [1.0, [0.8957361105978348, 0.8637126091190065, 0.5951808502969936]]], "ssh3.conv7x7_3.0": [[0.1, [0.8937005604714477, 0.862414000288859, 0.592558499923967]], [0.2, [0.8941069802198462, 0.8621349751476096, 0.591927508838547]], [0.3, [0.8916434599256414, 0.8583835258692042, 0.5946442952118588]], [0.4, [0.8910845311473837, 0.8562713870250962, 0.5982166500348296]], [0.5, [0.8955889889116395, 0.8606148093864139, 0.6007657630540189]], [0.6, [0.8948933687809, 0.8594240016102332, 0.5959201580238613]], [0.7, [0.8962302175110581, 0.866038840087323, 0.5917017004886596]], [0.8, [0.8932757236408997, 0.8621192558747042, 0.5924495168866952]], [0.9, [0.89648835991548, 0.8586820611175522, 0.5962953821035414]], [1.0, [0.8938818919134691, 0.8597193515084238, 0.5994088659488606]]], "ClassHead.0.conv1x1": [[0.1, [0.9048932596754177, 0.6289368434624307, 0.26222454444564697]], [0.2, [0.9013184282019928, 0.6211002217025124, 0.2589295465122097]], [0.3, [0.8751690593427325, 0.6348812662196022, 0.593888723244355]], [0.4, [0.8795256817414758, 0.6445650866110866, 0.5939571795548261]], [0.5, [0.8832807406674146, 0.8354013556488251, 0.5115451460053169]], [0.6, [0.8853467343559522, 0.8337303831362217, 0.512504086833209]], [0.7, [0.8888610791822004, 0.8467821648890425, 0.5429515411569202]], [0.8, [0.8836032658486833, 0.8447481065796141, 0.6078974198733261]], [0.9, [0.8871101097960731, 0.8446790373992921, 0.5932879144253012]], [1.0, [0.897417918485642, 0.860905537285516, 0.6007529824932951]]], "ClassHead.1.conv1x1": [[0.1, [0.4014124575506276, 0.6232731833704266, 0.5664664718521825]], [0.2, [0.4051160211996667, 0.6279973614456876, 0.5241277063646554]], [0.3, [0.7212215257621541, 0.799292766408106, 0.5982882483177572]], [0.4, [0.7319153228276483, 0.8007825456332283, 0.605292649283853]], [0.5, [0.6824508616203384, 0.7475120125675245, 0.5140390712315839]], [0.6, [0.6686246049635773, 0.7408721219179915, 0.5281182270618415]], [0.7, [0.683843102569137, 0.7518843005052753, 0.5328707850946088]], [0.8, [0.6682497670589582, 0.7461918244690086, 0.5310904782265455]], [0.9, [0.6604913203454523, 0.7451382048912321, 0.5534685503159767]], [1.0, [0.8990926712845859, 0.8635475179090563, 0.586828542635509]]], "ClassHead.2.conv1x1": [[0.1, [0.8317012124411469, 0.8373657715586218, 0.6310447916565367]], [0.2, [0.8322094266405444, 0.8423825842911293, 0.6305059399266759]], [0.3, [0.8292444773297916, 0.8307737847609369, 0.600725450969046]], [0.4, [0.824776079430131, 0.8281782427770168, 0.6013089308683799]], [0.5, [0.8108183529769373, 0.808036305952955, 0.5588807643253569]], [0.6, [0.8186259742476988, 0.8110319989505427, 0.5719746374882178]], [0.7, [0.8173279981107207, 0.8191143207558883, 0.5637475245481833]], [0.8, [0.8788653554394488, 0.8527016813290373, 0.5877789585796953]], [0.9, [0.8782367219169457, 0.8512528389686895, 0.5898406030983891]], [1.0, [0.8899567532699441, 0.86002836757114, 0.6078330394127609]]]}