{"body.stage1.3.0": [[0.1, [0.822408875452769, 0.7534633576048595, 0.4087136052002629]], [0.2, [0.8472486882124255, 0.7891421351370755, 0.4659286819765329]], [0.3, [0.8674406291954572, 0.814580859821239, 0.4836911482459347]], [0.4, [0.8766183886666243, 0.8269646071731311, 0.5091188273696928]], [0.5, [0.8807741702317339, 0.8374791694569647, 0.5320350511851388]], [0.6, [0.8832147649036821, 0.8420671056176741, 0.5441240595890652]], [0.7, [0.8895858507587386, 0.8486615752194762, 0.5665690896539949]], [0.8, [0.8905369018793099, 0.8475043538266825, 0.5526033921525069]], [0.9, [0.889668120637365, 0.8571277187361499, 0.5871980180481455]], [1.0, [0.8924993877731834, 0.8523189863045485, 0.5700597833644916]]], "body.stage1.3.3": [[0.1, [0.5482933763715666, 0.4425421434381407, 0.20332399251727445]], [0.2, [0.84535610604474, 0.7815943092358468, 0.43523784862203996]], [0.3, [0.8626285497783497, 0.8125200276822753, 0.5019801652735927]], [0.4, [0.8744747230126861, 0.825548992243744, 0.5327729233275942]], [0.5, [0.8815791631317413, 0.8439494447957295, 0.5449156686544709]], [0.6, [0.8850831523141778, 0.8421876932673316, 0.5604519315876456]], [0.7, [0.8510895909338159, 0.8070945436523864, 0.47560614261600004]], [0.8, [0.8928475497817847, 0.8534910308671848, 0.5807953805392345]], [0.9, [0.8923895666821999, 0.8553725870254469, 0.5791339796197201]], [1.0, [0.8904436717659518, 0.8539379965785826, 0.5948085010635636]]], "body.stage1.4.0": [[0.1, [0.7916141216680309, 0.7079788488923777, 0.3636623414043306]], [0.2, [0.8441729222522336, 0.7777862984320935, 0.45361982685197394]], [0.3, [0.8655299518155046, 0.8140612797074176, 0.5021764978868459]], [0.4, [0.8797121186449687, 0.8315335514505757, 0.5142293292361354]], [0.5, [0.8758415053964126, 0.8377322667892588, 0.5476853249819659]], [0.6, [0.8866411930486283, 0.853693595230488, 0.5783569959050623]], [0.7, [0.8887493518176218, 0.8463795563936514, 0.5561404285245648]], [0.8, [0.8900616957293229, 0.8501363060762401, 0.578203186523079]], [0.9, [0.8848641775898413, 0.8435867740511535, 0.5620077066355347]], [1.0, [0.8934186417387006, 0.8540462097395805, 0.5689426627847122]]], "body.stage1.4.3": [[0.1, [0.7877775576827518, 0.7099320502378682, 0.3759417588971105]], [0.2, [0.8539275576339888, 0.801535942155446, 0.48543010047830293]], [0.3, [0.866280787490979, 0.8227124730998718, 0.519021189548921]], [0.4, [0.8764185734581543, 0.8338394989535949, 0.5556408183416421]], [0.5, [0.8822216483889291, 0.8435446916829832, 0.550494801216027]], [0.6, [0.8813951499005146, 0.8389611025429985, 0.565432596456897]], [0.7, [0.8901992001625781, 0.8494548777811732, 0.5564267071175828]], [0.8, [0.8904968662598728, 0.8536475250071031, 0.5916622577044093]], [0.9, [0.8919260235923082, 0.8553062830133057, 0.5777743042021486]], [1.0, [0.8920507164436084, 0.8577710443050941, 0.5742613648169248]]], "body.stage1.5.0": [[0.1, [0.8135861017568293, 0.7365837686750096, 0.4180911539062309]], [0.2, [0.8458296053457122, 0.7842267595786211, 0.4682195066458885]], [0.3, [0.8616566270113662, 0.8091117339705602, 0.5035440433102158]], [0.4, [0.865668418745559, 0.8232639418656261, 0.5178729100335938]], [0.5, [0.8738535133022168, 0.8291160754331544, 0.5381914555414119]], [0.6, [0.8783483830268732, 0.8365239659268886, 0.5598597589325932]], [0.7, [0.8855743803952566, 0.8489676278767753, 0.5683501243753659]], [0.8, [0.8882791344504757, 0.8507410943078281, 0.5614366690237158]], [0.9, [0.889206155334296, 0.8549097439996355, 0.5780950499861133]], [1.0, [0.8866427682109518, 0.8508095269039653, 0.5659805184210024]]]}