{"ssh2.conv7X7_2.0": [[0.1, [0.898593391769245, 0.8667011177799205, 0.6040630224386858]], [0.2, [0.8902295185332354, 0.8566981324583064, 0.5939093064411842]], [0.3, [0.8964064795562401, 0.8592769248002653, 0.5948405998581806]], [0.4, [0.8924234955273045, 0.86274857972085, 0.6100947716381959]], [0.5, [0.894756793836997, 0.8613812131024872, 0.5971548264811074]], [0.6, [0.8909511865210532, 0.8562515595221987, 0.5922386459773207]], [0.7, [0.8932635933116658, 0.8606731065058341, 0.6012983882151115]], [0.8, [0.8931845627534076, 0.8568942216715262, 0.6019198273735815]], [0.9, [0.8934426630994383, 0.858426284807398, 0.5943815958113422]], [1.0, [0.8946247177282635, 0.8599697051979347, 0.598641410988646]]], "ssh2.conv7x7_3.0": [[0.1, [0.8964455255957207, 0.8621992350438725, 0.5878478775955539]], [0.2, [0.8918591467390559, 0.8537518531644608, 0.5852660197366518]], [0.3, [0.8946516450047515, 0.8608240694214414, 0.5818631704699022]], [0.4, [0.8935912868796709, 0.8606374568373387, 0.6039687227422146]], [0.5, [0.8878332917679603, 0.851517075084836, 0.5985960029223016]], [0.6, [0.8953618885862651, 0.8598294224631791, 0.5839457842052711]], [0.7, [0.8911551963483167, 0.8580074872979888, 0.5834929057237448]], [0.8, [0.8893074231356233, 0.854604192804399, 0.5897150708634097]], [0.9, [0.8907288483882692, 0.8617275228363618, 0.6176824014345431]], [1.0, [0.8983177896406552, 0.8608253166873913, 0.592500008755311]]], "ssh3.conv3X3.0": [[0.1, [0.8918314714241582, 0.8602921971558202, 0.6012313075776541]], [0.2, [0.8953271745135118, 0.8634006107903311, 0.59966113079126]], [0.3, [0.8928006419116977, 0.8576519992400964, 0.591137276341625]], [0.4, [0.8911499993020909, 0.8585656552035099, 0.6008694152787548]], [0.5, [0.8909532856503588, 0.8607814374233878, 0.5914597612263597]], [0.6, [0.8979362912010431, 0.8625064425387137, 0.595858138647154]], [0.7, [0.8906604654944106, 0.8628502947850232, 0.6039396067254627]], [0.8, [0.8966953916977406, 0.8623982736403859, 0.6003095531033844]], [0.9, [0.896225595823603, 0.8574155649059407, 0.5697951384698484]], [1.0, [0.8926330589946108, 0.856500442788753, 0.5850702810257576]]], "ssh3.conv5X5_1.0": [[0.1, [0.891962587155112, 0.8606347940390175, 0.5843915491041648]], [0.2, [0.8918056868957493, 0.8615631396377659, 0.596551070212354]], [0.3, [0.8914173177067828, 0.8634760252504761, 0.6159872296173461]], [0.4, [0.8949536239463856, 0.8626415648389012, 0.5891234902546143]], [0.5, [0.8909736531498544, 0.8569802651839006, 0.5979681552037555]], [0.6, [0.8941946217479592, 0.8595092806971292, 0.5908024031347796]], [0.7, [0.8924265487036793, 0.8599502001293, 0.590483339587133]], [0.8, [0.8974576529321384, 0.86140293335767, 0.595232353393745]], [0.9, [0.8957690996980618, 0.862586840956028, 0.5968698111013787]], [1.0, [0.8940185050436532, 0.8594949861831691, 0.5924668301861754]]], "ssh3.conv5X5_2.0": [[0.1, [0.8950626056827149, 0.8588927028476108, 0.59956162290724]], [0.2, [0.897185884474592, 0.8612624661907748, 0.5920394115840728]], [0.3, [0.8953576910687947, 0.8625940347021759, 0.6072335302487619]], [0.4, [0.8969363085914134, 0.8584768380762537, 0.5918476440135091]], [0.5, [0.8956539980945899, 0.8591908140665437, 0.5993013729273389]], [0.6, [0.898379095255079, 0.8660369857612018, 0.599451479641604]], [0.7, [0.8987411720145173, 0.8649474853405542, 0.5993892085368295]], [0.8, [0.8921257835241532, 0.8583629243747527, 0.5968094878077655]], [0.9, [0.8944583967116286, 0.8611126247226557, 0.5941255536965158]], [1.0, [0.9004281547389636, 0.8688491256745033, 0.5870732179702133]]]}