{"body.stage1.0.0": [[0.1, [0.0, 0.0, 0.0]], [0.2, [0.8407502804789738, 0.7696356245345745, 0.4242429986525083]], [0.3, [0.8633518786112322, 0.8184534879028957, 0.505882227614084]], [0.4, [0.8798381223400816, 0.8370662293927804, 0.5532005240198189]], [0.5, [0.8789077168871025, 0.8439494220820473, 0.5690963321880049]], [0.6, [0.8802350040500994, 0.8413144185570811, 0.5693213962429123]], [0.7, [0.8826639408784243, 0.8428215803760847, 0.5626845089321278]], [0.8, [0.889822665767801, 0.854859047392633, 0.5992895323001766]], [0.9, [0.8909262785320994, 0.8550207294271206, 0.5947831814473282]], [1.0, [0.8918467605904382, 0.854924217185677, 0.5819529401676542]]], "body.stage1.1.0": [[0.1, [1.6729225882231473e-06, 9.057320206980341e-07, 3.774780894823555e-07]], [0.2, [0.8499166464869934, 0.7813131758185983, 0.4390068316752945]], [0.3, [0.8621887726751177, 0.8134159261597398, 0.5063548544825699]], [0.4, [0.8741793384503818, 0.833270939853979, 0.5304784024276386]], [0.5, [0.8846557766026961, 0.8395483882002168, 0.5479303212724264]], [0.6, [0.8900907872252877, 0.8517872585513088, 0.5820098732708828]], [0.7, [0.8904918686110268, 0.8525680884888778, 0.5765631719790167]], [0.8, [0.8905837185508726, 0.8545519999923368, 0.574073707473818]], [0.9, [0.8929156950799191, 0.8558778303955679, 0.5815040413226913]], [1.0, [0.89255608850011, 0.8632405483310678, 0.6045698957257484]]], "body.stage1.1.3": [[0.1, [0.7732541037089443, 0.699029884417099, 0.3800788294513584]], [0.2, [0.8421122773980529, 0.7743478599657354, 0.4413066295383846]], [0.3, [0.8540506412043811, 0.7931619108477135, 0.47583231036693996]], [0.4, [0.8746997610626615, 0.8268163095552197, 0.5105781277481929]], [0.5, [0.8822571500504321, 0.8358665867184818, 0.5353295768276881]], [0.6, [0.8886587536607696, 0.8460014786178238, 0.5529411234028184]], [0.7, [0.882130987127132, 0.8387868367837494, 0.5556554909057704]], [0.8, [0.8892421745991537, 0.8492734486773986, 0.5635150216629203]], [0.9, [0.895041521836532, 0.8571917766363244, 0.5923591716205012]], [1.0, [0.883761309824356, 0.8510219242123462, 0.5721774284833896]]], "body.stage1.2.0": [[0.1, [0.8208824907213272, 0.718441940851266, 0.3886380632959134]], [0.2, [0.8679099240414226, 0.8129905056542951, 0.4802009906421729]], [0.3, [0.8738286858046682, 0.8280540733040476, 0.5178644460547452]], [0.4, [0.8815623008526655, 0.843630931658973, 0.5482308008413771]], [0.5, [0.8816988010877341, 0.8418794722744875, 0.5418498470345887]], [0.6, [0.8874356231956109, 0.8436904390541469, 0.5524510226077529]], [0.7, [0.8855788048809481, 0.8440723982135608, 0.5453391268139169]], [0.8, [0.8893815668649493, 0.8552898857166702, 0.5742996777808085]], [0.9, [0.8898079458326409, 0.8559447119659589, 0.5910261142242508]], [1.0, [0.8926202300091045, 0.8542646711034141, 0.574286819590593]]], "body.stage1.2.3": [[0.1, [0.8039369069435875, 0.7268400483455464, 0.3831950952291671]], [0.2, [0.8613702650014614, 0.8105869444283613, 0.47667284017889716]], [0.3, [0.872264317839994, 0.821460382366287, 0.49661010982514187]], [0.4, [0.8660866627296111, 0.81459033651088, 0.5165764664175578]], [0.5, [0.8791957341428, 0.8416759426165231, 0.5530865046328066]], [0.6, [0.8831552965481692, 0.8418574993819947, 0.5492304667227899]], [0.7, [0.8856320239904762, 0.8482984911249725, 0.5644804062393772]], [0.8, [0.8896824797099958, 0.850310663767018, 0.561973916371836]], [0.9, [0.8860871689533059, 0.8504759033651454, 0.5688538254460254]], [1.0, [0.8919048965935865, 0.8553229585321425, 0.5656403932936014]]]}