{"fpn.merge1.0": [[0.1, [0.8842530352658671, 0.820934138855206, 0.49170631023321193]], [0.2, [0.8815913830808622, 0.8325357668117329, 0.532048619699557]], [0.3, [0.8827100967906866, 0.8388355817122412, 0.5595784172129816]], [0.4, [0.8912590366829436, 0.8436682471818657, 0.5607831226296551]], [0.5, [0.8913270043214827, 0.8511113165415694, 0.572705470548131]], [0.6, [0.8931207672261932, 0.8449625485086101, 0.5783960661749106]], [0.7, [0.890764553497126, 0.8481451439693091, 0.5791127697061347]], [0.8, [0.8908183830942407, 0.851800114246717, 0.5926270195726204]], [0.9, [0.8924078313402886, 0.8590983447873197, 0.6001116977997059]], [1.0, [0.895747176213272, 0.8588504278018925, 0.5879563329374593]]], "fpn.merge2.0": [[0.1, [0.8610419508394948, 0.8019831685929479, 0.5094762379440316]], [0.2, [0.8799069333696103, 0.8302271363842766, 0.5400087544343452]], [0.3, [0.8854119029358722, 0.8446253528860688, 0.5616666290981425]], [0.4, [0.8910806129999683, 0.8452649480378824, 0.5778509475558496]], [0.5, [0.8860166628003049, 0.8531645607343208, 0.5960310358772762]], [0.6, [0.8922475686933095, 0.8592679620558503, 0.6016311616484962]], [0.7, [0.8850114245041296, 0.8506938983037045, 0.5932733670324648]], [0.8, [0.8924818994666455, 0.8569857487606983, 0.5906105220038887]], [0.9, [0.8941941797294846, 0.8584305453931595, 0.6038195144743077]], [1.0, [0.8893787569223965, 0.8584518802904436, 0.5974328174045117]]], "ssh1.conv3X3.0": [[0.1, [0.8923344732499585, 0.8521084209450043, 0.5553867764274313]], [0.2, [0.8891943951852406, 0.8498342499547509, 0.5777491549066277]], [0.3, [0.8861703925274929, 0.8468882869753827, 0.5857324797010413]], [0.4, [0.8906027472476454, 0.8548018611261908, 0.5974285971415203]], [0.5, [0.891496108220702, 0.8549025164041895, 0.5933147167534593]], [0.6, [0.8934233436701539, 0.8565594057764991, 0.5861710224537573]], [0.7, [0.8896651755737317, 0.8562067062749014, 0.5979108423033712]], [0.8, [0.892392323709508, 0.8586496029951913, 0.5990618090980747]], [0.9, [0.8890849122769322, 0.8591964777999778, 0.6010075502534746]], [1.0, [0.8905600979751429, 0.8560328265627244, 0.5839956792400174]]], "ssh1.conv5X5_1.0": [[0.1, [0.8950248351982735, 0.8613859629493719, 0.570671861796905]], [0.2, [0.8960422254012768, 0.8569458247221491, 0.5686590250256998]], [0.3, [0.8944072859852388, 0.8600573810573079, 0.5775147794237065]], [0.4, [0.8900810809740742, 0.8528873586443717, 0.5966085495558023]], [0.5, [0.8921599699411458, 0.859475856744516, 0.5924130662429354]], [0.6, [0.8963625054085933, 0.8578123356370065, 0.5865324162879977]], [0.7, [0.8987683520533348, 0.8607087849075499, 0.5694096736580274]], [0.8, [0.8946553731287831, 0.858038599967656, 0.5907622970154989]], [0.9, [0.89405236901806, 0.8608250480516118, 0.5903314179026864]], [1.0, [0.8942737857648366, 0.8599902703673953, 0.6032409539267838]]], "ssh1.conv5X5_2.0": [[0.1, [0.893077432370303, 0.8577445762924896, 0.5892933767314452]], [0.2, [0.893206477108347, 0.8579315994773822, 0.5882779388481029]], [0.3, [0.8922889310702342, 0.856954145348206, 0.5890604551014123]], [0.4, [0.8966029223839771, 0.8552637680075998, 0.573143225786093]], [0.5, [0.8961511791664176, 0.8567303695846713, 0.5914843031173167]], [0.6, [0.8958305454470217, 0.8630437689638826, 0.6123173192155463]], [0.7, [0.8898594061678755, 0.8571060496001548, 0.593378704278678]], [0.8, [0.8946446861405739, 0.8642118806636583, 0.5863493009005702]], [0.9, [0.8925387777113563, 0.862859889601604, 0.6058915711739966]], [1.0, [0.8954040915668382, 0.8606848572512069, 0.5932074855139307]]]}