{"ssh2.conv7X7_2.0": [[0.1, [0.9123998059957317, 0.8777647489029091, 0.713979523068417]], [0.2, [0.9134675416792081, 0.8797587818203487, 0.7180696730895042]], [0.3, [0.9119149313732402, 0.8790636802594791, 0.7192186308608945]], [0.4, [0.9106358195850944, 0.880847160500403, 0.7277418146381643]], [0.5, [0.9129095456233827, 0.8827285119365273, 0.7303830928265429]], [0.6, [0.9125208535019296, 0.8825336800201833, 0.7316487333382458]], [0.7, [0.9136932661810444, 0.8826743900246715, 0.7290092449549833]], [0.8, [0.9130879682515906, 0.8822765471834165, 0.7291946424730608]], [0.9, [0.9115163842732197, 0.8829893594611811, 0.7339945302970642]], [1.0, [0.9070763199789119, 0.881650363443298, 0.7382727825341902]]], "ssh2.conv7x7_3.0": [[0.1, [0.8472599694463364, 0.8570279597074454, 0.7318568395575005]], [0.2, [0.8519994499007714, 0.8583647316747806, 0.7317253230052674]], [0.3, [0.8627477933397658, 0.862809272474733, 0.7327837795982746]], [0.4, [0.8650886389978568, 0.8645454417870436, 0.7338165246020306]], [0.5, [0.882364320994266, 0.8721021813880111, 0.7361673945074113]], [0.6, [0.8820774296774764, 0.871980826814414, 0.7361963869401025]], [0.7, [0.8983212191716927, 0.8782374375840913, 0.7369286153912025]], [0.8, [0.899032234066671, 0.8785506298796306, 0.7372598221592035]], [0.9, [0.9028959712900966, 0.8804692335361033, 0.7381244467646894]], [1.0, [0.9070763199789119, 0.881650363443298, 0.7382727825341902]]], "ssh3.conv3X3.0": [[0.1, [0.8971572856158967, 0.8778181355836473, 0.738689404884854]], [0.2, [0.898397013524482, 0.8783063472886, 0.7388334524748726]], [0.3, [0.898062636017, 0.8780577772383702, 0.7387033157364142]], [0.4, [0.8981072085061705, 0.8780100208345389, 0.7386868569009892]], [0.5, [0.9015729545554197, 0.8797887453348514, 0.7394638619422111]], [0.6, [0.9021692471756075, 0.8801345224326607, 0.7396513874629485]], [0.7, [0.9045637837680134, 0.881211628004972, 0.7400236310110007]], [0.8, [0.9059436270938901, 0.8818260318826461, 0.7401865845403197]], [0.9, [0.90633461399619, 0.8816951167410856, 0.739526801212413]], [1.0, [0.9070763199789119, 0.881650363443298, 0.7382727825341902]]], "ssh3.conv5X5_1.0": [[0.1, [0.8771962256543187, 0.8604166600144619, 0.706872338233912]], [0.2, [0.880923917725479, 0.8596062406876628, 0.6985740507143554]], [0.3, [0.883546166054754, 0.8624199781513624, 0.7056314878003964]], [0.4, [0.8832387744775773, 0.8563610378970961, 0.6828034949038091]], [0.5, [0.8852685066517528, 0.8587843922537982, 0.6886401522673038]], [0.6, [0.8859635290239333, 0.8592524778196031, 0.690144677389261]], [0.7, [0.8912447498637347, 0.8639704667001176, 0.6983084746728923]], [0.8, [0.8919968352923153, 0.8643374153732762, 0.6983395476746561]], [0.9, [0.8972563498963779, 0.870431361723452, 0.7128853451239936]], [1.0, [0.9070763199789119, 0.881650363443298, 0.7382727825341902]]], "ssh3.conv5X5_2.0": [[0.1, [0.9036566953035842, 0.8811460096823426, 0.7402620787032586]], [0.2, [0.904404813002036, 0.8814040341880967, 0.7403075946809504]], [0.3, [0.9056291341051389, 0.8818120871630586, 0.7403779231931512]], [0.4, [0.9055387644695634, 0.8817898675647288, 0.7403541461205247]], [0.5, [0.9058352307224089, 0.8818197083290595, 0.7402921335455177]], [0.6, [0.9061794714880043, 0.881887200685055, 0.7401955545376313]], [0.7, [0.906283305073384, 0.8817131319250374, 0.7396363162669761]], [0.8, [0.9073715032483008, 0.8822912730304298, 0.7398150978926961]], [0.9, [0.9072356819570006, 0.8819819746815174, 0.7390872170282538]], [1.0, [0.9070763199789119, 0.881650363443298, 0.7382727825341902]]], "ssh3.conv7X7_2.0": [[0.1, [0.8801878981433227, 0.8634706813822505, 0.7201839641813692]], [0.2, [0.8943510309041798, 0.8712936041632029, 0.7238037846391462]], [0.3, [0.8962122795752063, 0.8727756300682464, 0.7255526193533037]], [0.4, [0.900230937229651, 0.8756311166824975, 0.7284612530858363]], [0.5, [0.8986645860544767, 0.8745851903791361, 0.7271441085985941]], [0.6, [0.9027930960476159, 0.87715471877665, 0.7290444379009582]], [0.7, [0.903911470500422, 0.8781757304387399, 0.7307142581606868]], [0.8, [0.902938722304358, 0.8771316746272801, 0.7287194934362274]], [0.9, [0.9063707132491472, 0.8813156484071164, 0.7382799599795253]], [1.0, [0.9070763199789119, 0.881650363443298, 0.7382727825341902]]], "ssh3.conv7x7_3.0": [[0.1, [0.8639720354588826, 0.8589344746214035, 0.7276853373512903]], [0.2, [0.8940326803712952, 0.8759009538276955, 0.7363567967852839]], [0.3, [0.893190635708074, 0.8757341770828801, 0.736650477016646]], [0.4, [0.8875995675400414, 0.8724534410099373, 0.7352211594493726]], [0.5, [0.8833106829108895, 0.8701204767458592, 0.7340972228939184]], [0.6, [0.9002645470377535, 0.8789196900051357, 0.7385709838144575]], [0.7, [0.9033219398065242, 0.8805383462366903, 0.7396045823016468]], [0.8, [0.9054317754966192, 0.8816919281160214, 0.7402346492229714]], [0.9, [0.9056082225039881, 0.8814376469728014, 0.7396657932823009]], [1.0, [0.9070763199789119, 0.881650363443298, 0.7382727825341902]]], "ClassHead.0.conv1x1": [[0.1, [0.8797373349482037, 0.5788586098822246, 0.24157995735530197]], [0.2, [0.8797373349482037, 0.5788586098822246, 0.24157995735530197]], [0.3, [0.8773893940105084, 0.6128618860835034, 0.48469181858490196]], [0.4, [0.8773893940105084, 0.6128618860835034, 0.48469181858490196]], [0.5, [0.9081652229280736, 0.8866983549301879, 0.7303791133708614]], [0.6, [0.9081652229280736, 0.8866983549301879, 0.7303791133708614]], [0.7, [0.9081652229280736, 0.8866983549301879, 0.7303791133708614]], [0.8, [0.9076163840123977, 0.8883966283382027, 0.7119714018794868]], [0.9, [0.9076163840123977, 0.8883966283382027, 0.7119714018794868]], [1.0, [0.9070763199789119, 0.881650363443298, 0.7382727825341902]]], "ClassHead.1.conv1x1": [[0.1, [0.3398863480571057, 0.5591658343759749, 0.4929428206236869]], [0.2, [0.3398863480571057, 0.5591658343759749, 0.4929428206236869]], [0.3, [0.6123686293730914, 0.70874506840375, 0.5566900808754104]], [0.4, [0.6123686293730914, 0.70874506840375, 0.5566900808754104]], [0.5, [0.8943056998146369, 0.8795227558092389, 0.7208355084941531]], [0.6, [0.8943056998146369, 0.8795227558092389, 0.7208355084941531]], [0.7, [0.8943056998146369, 0.8795227558092389, 0.7208355084941531]], [0.8, [0.8991490946290887, 0.8803268470157513, 0.7229961410759786]], [0.9, [0.8991490946290887, 0.8803268470157513, 0.7229961410759786]], [1.0, [0.9070763199789119, 0.881650363443298, 0.7382727825341902]]], "ClassHead.2.conv1x1": [[0.1, [0.8157049560767314, 0.8132688610640239, 0.6104772088982042]], [0.2, [0.8157049560767314, 0.8132688610640239, 0.6104772088982042]], [0.3, [0.8615191608147904, 0.838725293738498, 0.6240812319903939]], [0.4, [0.8615191608147904, 0.838725293738498, 0.6240812319903939]], [0.5, [0.9059318475109286, 0.8788232002011731, 0.7249232364491428]], [0.6, [0.9059318475109286, 0.8788232002011731, 0.7249232364491428]], [0.7, [0.9059318475109286, 0.8788232002011731, 0.7249232364491428]], [0.8, [0.9063172894395165, 0.8798301527344121, 0.7308772061959133]], [0.9, [0.9063172894395165, 0.8798301527344121, 0.7308772061959133]], [1.0, [0.9070763199789119, 0.881650363443298, 0.7382727825341902]]]}