{"body.stage2.4.3": [[0.1, [0.00127101057043361, 0.014466444047531921, 0.04317496149735042]], [0.2, [0.11050159936488438, 0.3452044256682413, 0.36224456386979803]], [0.3, [0.23762697642244307, 0.447363694747707, 0.4119774760319863]], [0.4, [0.559706715903427, 0.6388734589565044, 0.5250708203572496]], [0.5, [0.5609780006279106, 0.6715617074103215, 0.6001594852649441]], [0.6, [0.7960390342676806, 0.792708329090054, 0.6477254159866745]], [0.7, [0.8246930936869562, 0.8287366757703525, 0.7055424604296157]], [0.8, [0.8664144378559901, 0.8468218851602769, 0.7114413521843876]], [0.9, [0.8849675931582124, 0.8572515894994597, 0.7288696117184248]], [1.0, [0.9070763209479576, 0.8816503704085757, 0.7382728182221077]]], "body.stage2.5.0": [[0.1, [0.007610666180692997, 0.17992761487983203, 0.2856601311125653]], [0.2, [0.03249214399711249, 0.23654082693183515, 0.33797234864185455]], [0.3, [0.2288583557881293, 0.3917264857641204, 0.44618590361343186]], [0.4, [0.4868119527295357, 0.5587167533658886, 0.5333271447386099]], [0.5, [0.4300212562880095, 0.48663461253266105, 0.46461604285060565]], [0.6, [0.6122972905741079, 0.6498394816749931, 0.5930955071199835]], [0.7, [0.786989111098942, 0.7810958911467817, 0.5969963620079636]], [0.8, [0.8538880629341667, 0.8417504922073149, 0.6879203527695933]], [0.9, [0.8834636775018465, 0.8687430040957664, 0.7229496486777531]], [1.0, [0.9070763209479576, 0.8816503704085757, 0.7382728182221077]]], "body.stage2.5.3": [[0.1, [0.273773716116227, 0.43953659855409527, 0.29508287632051905]], [0.2, [0.5496020094717724, 0.6264521389041229, 0.4592922506113739]], [0.3, [0.4173104017052594, 0.5560543356077619, 0.3842081429022029]], [0.4, [0.7457627351489969, 0.735670202077007, 0.43880417444835296]], [0.5, [0.8004234567057296, 0.7731959726619189, 0.5685537302074519]], [0.6, [0.8402808143545303, 0.8141353691805475, 0.6239129234532096]], [0.7, [0.8337740270383756, 0.8277265418958942, 0.689654850114549]], [0.8, [0.8791820110856757, 0.8582162638631152, 0.7112050562978234]], [0.9, [0.9022351818976884, 0.8789303501764894, 0.7348088783127004]], [1.0, [0.9070763209479576, 0.8816503704085757, 0.7382728182221077]]], "body.stage3.0.0": [[0.1, [0.6669221952483679, 0.7084724529850146, 0.4834705470206069]], [0.2, [0.6090936102414799, 0.6044380992738784, 0.35160594243481336]], [0.3, [0.5858256017118897, 0.6318346792321061, 0.4787541801922474]], [0.4, [0.7033027406021528, 0.6950702882859926, 0.508242298931595]], [0.5, [0.7839002201990274, 0.733485398556773, 0.47466697465730157]], [0.6, [0.76469700290479, 0.7027757336893143, 0.4324533348377604]], [0.7, [0.7191948239101752, 0.6692051137993639, 0.4662260971380997]], [0.8, [0.8931433535786526, 0.8689363991390322, 0.7103058193226329]], [0.9, [0.8979985446224178, 0.8712242435114262, 0.7220733822397122]], [1.0, [0.9070763209479576, 0.8816503704085757, 0.7382728182221077]]], "body.stage3.0.3": [[0.1, [0.7442393179721607, 0.7113884872619045, 0.3913581999641395]], [0.2, [0.75911731879047, 0.802583066652707, 0.5886011305510798]], [0.3, [0.7711822051090091, 0.8172582452367626, 0.6011680671017111]], [0.4, [0.8006016650389927, 0.8358541434385462, 0.659576426840965]], [0.5, [0.8154344241983748, 0.8419785147205392, 0.6592701287673598]], [0.6, [0.8799337774826355, 0.8744167238582072, 0.6769558275197274]], [0.7, [0.8866370560770764, 0.8738902529179519, 0.703417041574803]], [0.8, [0.900447604712559, 0.883226865777305, 0.7222234196250404]], [0.9, [0.9092467564000984, 0.8836538225491931, 0.7358138772228576]], [1.0, [0.9070763209479576, 0.8816503704085757, 0.7382728182221077]]], "body.stage3.1.0": [[0.1, [0.7534817354426352, 0.786332773776192, 0.6377293867209207]], [0.2, [0.7497737116552504, 0.7949697848290699, 0.6778822471039837]], [0.3, [0.7753736704438913, 0.8121641342074486, 0.6888663878113122]], [0.4, [0.7893176018631514, 0.8247075880909522, 0.6917559997653897]], [0.5, [0.8431005311996722, 0.8518694375120678, 0.7036637812643374]], [0.6, [0.883401495889741, 0.8660702191668818, 0.7202289524743537]], [0.7, [0.8890744709953602, 0.8614474837399811, 0.7228545779483792]], [0.8, [0.9030110573408586, 0.8747783655610593, 0.7212383042514285]], [0.9, [0.902582973867458, 0.8778664542414141, 0.7348142531983792]], [1.0, [0.9070763209479576, 0.8816503704085757, 0.7382728182221077]]], "body.stage3.1.3": [[0.1, [0.7320089884048242, 0.7504712191175182, 0.5576311969568318]], [0.2, [0.7126597187569246, 0.7221819246666523, 0.47040327881981137]], [0.3, [0.7694676220251196, 0.752001011346826, 0.5639615037064035]], [0.4, [0.8319183672840659, 0.8000176489039963, 0.6302469544280264]], [0.5, [0.8502419688651155, 0.7980578323508922, 0.6118354919497473]], [0.6, [0.8737066891487386, 0.8467531132787711, 0.695401287986796]], [0.7, [0.8764771617029087, 0.8470186778305016, 0.7105881198730406]], [0.8, [0.8975799481298002, 0.8650087302554514, 0.7262429431033395]], [0.9, [0.8917156286033869, 0.8637678291270419, 0.7267231693534193]], [1.0, [0.9070763209479576, 0.8816503704085757, 0.7382728182221077]]], "fpn.output1.0": [[0.1, [0.9190151679486771, 0.7756125329504495, 0.3754183498762571]], [0.2, [0.9069623985594206, 0.8236749113237557, 0.4539885965107803]], [0.3, [0.9141567205115433, 0.8481463687147344, 0.5973052003175643]], [0.4, [0.9115958178525628, 0.8492806699640186, 0.6477355623570558]], [0.5, [0.9073985284482842, 0.8566063292171346, 0.6858662186087966]], [0.6, [0.9123294947983775, 0.870873049839491, 0.6935910869542172]], [0.7, [0.9122507180191568, 0.8819118231255505, 0.7051755987969437]], [0.8, [0.9088771568454032, 0.8769333908608742, 0.7246424929832861]], [0.9, [0.9097503026303879, 0.885000611440157, 0.7255290613535893]], [1.0, [0.9070763209479576, 0.8816503704085757, 0.7382728182221077]]], "fpn.output2.0": [[0.1, [0.489274568231985, 0.6495991410342805, 0.6382938797661568]], [0.2, [0.7263393041421378, 0.7881359057790494, 0.6858897025128706]], [0.3, [0.8149422434336596, 0.8220795762525271, 0.7113466574424627]], [0.4, [0.864999068323106, 0.8503091722710814, 0.7207385170140244]], [0.5, [0.8763518536477047, 0.8529092978191549, 0.7227725671619146]], [0.6, [0.8875416046738998, 0.8610905704578911, 0.7265738699736094]], [0.7, [0.8940785834583589, 0.8702720434295709, 0.7334868822470748]], [0.8, [0.902992321295116, 0.8775777492792862, 0.7341612086633896]], [0.9, [0.908509517204972, 0.8831969725125106, 0.7354169988825393]], [1.0, [0.9070763209479576, 0.8816503704085757, 0.7382728182221077]]], "fpn.output3.0": [[0.1, [0.7826130211232304, 0.7915042865048042, 0.5677126902096565]], [0.2, [0.837272851870329, 0.820768028390948, 0.573893250553658]], [0.3, [0.869149735324098, 0.8405303864973515, 0.595789551888159]], [0.4, [0.8862185625055589, 0.849048486621115, 0.6192536152272725]], [0.5, [0.8933034800818481, 0.8594431899475702, 0.6568999017220809]], [0.6, [0.9009603323620468, 0.8697301600428522, 0.6655947976585791]], [0.7, [0.9027418361319158, 0.8710402913180161, 0.7006826597303191]], [0.8, [0.9029542840577434, 0.8759400133179965, 0.7300589208432047]], [0.9, [0.9029625139460782, 0.8738020593702377, 0.735651067650384]], [1.0, [0.9070763209479576, 0.8816503704085757, 0.7382728182221077]]]}