{"body.stage3.1.0": [[0.1, [0.8707258830114415, 0.8423741807961649, 0.5753285483762974]], [0.2, [0.8784764294086487, 0.848184057532247, 0.593563905775214]], [0.3, [0.882542465948537, 0.8528792837370069, 0.5909673306899164]], [0.4, [0.8848426133399846, 0.8537446032323719, 0.6033546762856151]], [0.5, [0.8882489566759553, 0.8521940266802032, 0.5859425642227263]], [0.6, [0.8883429209953756, 0.8539570169228534, 0.590395680097938]], [0.7, [0.8917979183337943, 0.8597810291670572, 0.5952165392868152]], [0.8, [0.8970629823291636, 0.8635235707363115, 0.5868806045467125]], [0.9, [0.8928314743525035, 0.8580159581214568, 0.5860430836484023]], [1.0, [0.8914354175738333, 0.8568445767439694, 0.6032183560277637]]], "body.stage3.1.3": [[0.1, [0.8732818533441833, 0.8445771776736481, 0.5778879495143465]], [0.2, [0.8810649994491487, 0.8462401569609295, 0.5838045567613275]], [0.3, [0.8828674404248211, 0.8440595007401924, 0.5852251560580913]], [0.4, [0.885932632595593, 0.8489000064418386, 0.5858231704872364]], [0.5, [0.8876883796237428, 0.854136605411683, 0.5969606406478436]], [0.6, [0.8895652896474361, 0.8546539907597827, 0.5997497242939813]], [0.7, [0.8948596553890105, 0.8554645854277887, 0.5808764065868744]], [0.8, [0.8927848392584032, 0.8543154967403365, 0.5930263969782824]], [0.9, [0.8895571499685305, 0.8560533345473216, 0.5990362999661507]], [1.0, [0.8928548521935364, 0.8593400154299493, 0.6021169630363938]]], "fpn.output1.0": [[0.1, [0.8842310128339277, 0.8279859865418481, 0.5091337874118451]], [0.2, [0.8937501187079617, 0.8481110901098764, 0.5357550605722705]], [0.3, [0.8922548558816351, 0.8531114876710952, 0.572866383894984]], [0.4, [0.8912854218375947, 0.8478282629712341, 0.5664537783248855]], [0.5, [0.8932424114831918, 0.8543358790556864, 0.5918983888718553]], [0.6, [0.8929992700050584, 0.8583672734912793, 0.5769433729969313]], [0.7, [0.8909977237012204, 0.8593041694104022, 0.5997627536651067]], [0.8, [0.8964509556736766, 0.8645350437469329, 0.5942030200918544]], [0.9, [0.8945330344923683, 0.8639985279007365, 0.6046985141531711]], [1.0, [0.8936856964129205, 0.8627006315905305, 0.5971336372316078]]], "fpn.output2.0": [[0.1, [0.8852358716044104, 0.8499991673439851, 0.5803503309430442]], [0.2, [0.8885874161116546, 0.8496680023243354, 0.5777122153156233]], [0.3, [0.8882818779979262, 0.8557075206934001, 0.5903749306521138]], [0.4, [0.8887848906771074, 0.8543606668651802, 0.5851694953758162]], [0.5, [0.8899151305497723, 0.8555599291407804, 0.5961752750190277]], [0.6, [0.8902791534884029, 0.8521547620496113, 0.5705411136333054]], [0.7, [0.8896231711630553, 0.8558808284379603, 0.5992910424014757]], [0.8, [0.8940288425540905, 0.8604020872045313, 0.6029335384732326]], [0.9, [0.8959896244610118, 0.8593647291420171, 0.5987910356463851]], [1.0, [0.8951544623053048, 0.8607009839939611, 0.5930021379450708]]], "fpn.output3.0": [[0.1, [0.8855295893064808, 0.8478790249759394, 0.5724228524152898]], [0.2, [0.8855554464781354, 0.8484430180553613, 0.5819646234081941]], [0.3, [0.8893606948823933, 0.8545238221546014, 0.5844606759111759]], [0.4, [0.8889387959217756, 0.8513511634299303, 0.5855653812927553]], [0.5, [0.8928131001795521, 0.8576390664265509, 0.5876979109858699]], [0.6, [0.8948276766837625, 0.8619775082101847, 0.5962004539826052]], [0.7, [0.8902078691648383, 0.8603454781109358, 0.6006622640874761]], [0.8, [0.8976126521511294, 0.8634032281284858, 0.5947980229291441]], [0.9, [0.8934675204086695, 0.8603448903344463, 0.5804979235319976]], [1.0, [0.8940078874752168, 0.8585519298101663, 0.5965350528168436]]]}