{"body.stage2.4.3": [[0.1, [0.8402000418837527, 0.8140933344079788, 0.538504711627043]], [0.2, [0.8596569111805683, 0.8276476441699028, 0.561548128972252]], [0.3, [0.8785807667217561, 0.8407167430642415, 0.5751880668735683]], [0.4, [0.8758418534336289, 0.839897724723724, 0.578230882477843]], [0.5, [0.8797934467680647, 0.8475477843317567, 0.5820167443334154]], [0.6, [0.8855236708065727, 0.8498011064643843, 0.5905465127538128]], [0.7, [0.8874109584210695, 0.8547531254765286, 0.5965786268739882]], [0.8, [0.895000341144336, 0.858994451039006, 0.59847495445064]], [0.9, [0.889756774259041, 0.856379848568722, 0.5915135270196006]], [1.0, [0.9021909858834752, 0.8663773918508612, 0.5940140576339259]]], "body.stage2.5.0": [[0.1, [0.8416211976245909, 0.8111201386438645, 0.5508186266543931]], [0.2, [0.8597441320057821, 0.8270251974234542, 0.5519938337989764]], [0.3, [0.8729332172749408, 0.8433576506580638, 0.5852523878590323]], [0.4, [0.8832985606682753, 0.847850140399028, 0.57084310683275]], [0.5, [0.8836854117277815, 0.8507221627472056, 0.5711332332954818]], [0.6, [0.8834875200469869, 0.8529020636824232, 0.5981430188926399]], [0.7, [0.8845551688483528, 0.8536918420219116, 0.5917507537628024]], [0.8, [0.8948058393943068, 0.8615878900454899, 0.6040355352836252]], [0.9, [0.8907272754951862, 0.8583382354844986, 0.6131705220522344]], [1.0, [0.8938911399376743, 0.860517175269108, 0.5864701721162784]]], "body.stage2.5.3": [[0.1, [0.856661881839948, 0.8228389274856387, 0.5446040690949601]], [0.2, [0.864625270231081, 0.8286521948084338, 0.564862796389885]], [0.3, [0.8727295656156127, 0.8314972716898257, 0.5698933370455415]], [0.4, [0.8869291202033426, 0.85185494644566, 0.5699383331021411]], [0.5, [0.8828782834173075, 0.8505771151860331, 0.5820702088318785]], [0.6, [0.8916372307852601, 0.8552713626335494, 0.5797217335188267]], [0.7, [0.8887440015267489, 0.8502121536465188, 0.5771037378315415]], [0.8, [0.8881095347212289, 0.856506246991158, 0.6035367426206633]], [0.9, [0.8887240618573318, 0.8554838311471288, 0.601193311538958]], [1.0, [0.8969013763871403, 0.8598124748447613, 0.5792016375187862]]], "body.stage3.0.0": [[0.1, [0.8614082959861739, 0.8309979797061229, 0.5643395259844748]], [0.2, [0.8740626577281541, 0.8358114451311347, 0.5743217300391785]], [0.3, [0.8761257711613679, 0.8438383124415534, 0.5772252930600976]], [0.4, [0.8867108501301149, 0.8569854514268063, 0.5923909757776863]], [0.5, [0.8877188600465051, 0.8495850666154325, 0.5827046436471682]], [0.6, [0.8918320455179973, 0.8578409428301015, 0.5908451008440272]], [0.7, [0.8943686733638295, 0.8588668746095818, 0.5768939567901521]], [0.8, [0.885686654677655, 0.8484802235608919, 0.5780971535564782]], [0.9, [0.8973463041820127, 0.8638670476481161, 0.5882177240163904]], [1.0, [0.8948782449800019, 0.8597538880524891, 0.6010990323876352]]], "body.stage3.0.3": [[0.1, [0.8824997166757436, 0.8480898877619613, 0.5830423145205982]], [0.2, [0.8823152729606214, 0.8476332285781336, 0.5804801527814409]], [0.3, [0.8824226758707356, 0.8522069481199466, 0.5924734516470642]], [0.4, [0.8847959963281303, 0.8513087309181687, 0.5995014052863304]], [0.5, [0.888959394114134, 0.8582811154019045, 0.5974269518018444]], [0.6, [0.8918548934412769, 0.8555446954030128, 0.5770675279650218]], [0.7, [0.8850399271711868, 0.8482791121950309, 0.5827546979373268]], [0.8, [0.8953974530761952, 0.8620081266623956, 0.5940484538385233]], [0.9, [0.8940181316169271, 0.8571975056803546, 0.5958775347803053]], [1.0, [0.8922857067147711, 0.8614600198182448, 0.597629660491708]]]}