{"ssh1.conv7X7_2.0": [[0.1, [0.8960129747765369, 0.8614647599750502, 0.5978328573400674]], [0.2, [0.8945231748498791, 0.8598853702347369, 0.6018051054546332]], [0.3, [0.889549452896291, 0.8572438498953009, 0.5911097968122205]], [0.4, [0.8942659154698807, 0.8630300258953407, 0.5944963251603034]], [0.5, [0.8968245505256334, 0.8656843084498602, 0.6120652971185161]], [0.6, [0.8973984993774108, 0.863673184550614, 0.5900576470086716]], [0.7, [0.8918864176858801, 0.8608501054753737, 0.5824816302402624]], [0.8, [0.8959897683973566, 0.8619758754221984, 0.5863735846886879]], [0.9, [0.8913174270336014, 0.8589232164598308, 0.5955448351224598]], [1.0, [0.8948132701248248, 0.8638248611605686, 0.6067431002840968]]], "ssh1.conv7x7_3.0": [[0.1, [0.89454132737664, 0.8658310628187702, 0.589933294325665]], [0.2, [0.8961021221381128, 0.8609482172328136, 0.6048579684037275]], [0.3, [0.8933261969611404, 0.8629546400577208, 0.5895708950089165]], [0.4, [0.8920562580116123, 0.8615583175090952, 0.5899414849665984]], [0.5, [0.8938825686238723, 0.8615972755225081, 0.6024960439786737]], [0.6, [0.8944121730578622, 0.8605907854957108, 0.5892345419347134]], [0.7, [0.8974353712543521, 0.8652042705086926, 0.5981952403537486]], [0.8, [0.8903674105494725, 0.8587199814413822, 0.6167954781520898]], [0.9, [0.8954464427082979, 0.8623340517332918, 0.592275631340015]], [1.0, [0.8899725485941796, 0.8529282633178703, 0.5936898760207736]]], "ssh2.conv3X3.0": [[0.1, [0.8958168450662399, 0.8617366446796642, 0.5909490338492966]], [0.2, [0.8936528626917, 0.855119929122257, 0.5862018281093093]], [0.3, [0.8929093949899896, 0.8591762388185233, 0.6049487262272462]], [0.4, [0.8919143085915289, 0.861902349745306, 0.6021402530807679]], [0.5, [0.8960592222201869, 0.862048657930638, 0.5991776589366896]], [0.6, [0.893184403166764, 0.8623603338027853, 0.6095961825805464]], [0.7, [0.8958153910528429, 0.8583366953180194, 0.5895466014740066]], [0.8, [0.891789664538845, 0.8575314166691863, 0.5976060124917077]], [0.9, [0.8945615238710891, 0.8583988303592368, 0.5931324551729005]], [1.0, [0.898122511222902, 0.8664908195973069, 0.6048672416534436]]], "ssh2.conv5X5_1.0": [[0.1, [0.8891534240750307, 0.8616746848872286, 0.6023277502782896]], [0.2, [0.893132063475456, 0.8630600095261729, 0.5870532594875146]], [0.3, [0.8932827152354503, 0.858925634043607, 0.5996399685389731]], [0.4, [0.8927483576463751, 0.856878816706071, 0.5915535979178332]], [0.5, [0.8958312791181844, 0.8627211471048711, 0.5877103154277615]], [0.6, [0.8966751597238659, 0.8666059205611116, 0.5901085063325999]], [0.7, [0.8936166880006173, 0.8630698003926229, 0.6091348524992124]], [0.8, [0.8955333299951539, 0.8646877161309277, 0.5924564547427354]], [0.9, [0.8963945161824447, 0.8607050027947777, 0.5881979683419241]], [1.0, [0.8917304442602432, 0.8561651112234832, 0.6085514850120544]]], "ssh2.conv5X5_2.0": [[0.1, [0.8992878408887892, 0.8608053721702089, 0.5790565415556834]], [0.2, [0.8951106882962021, 0.862204863967158, 0.5936477251866944]], [0.3, [0.895088214179178, 0.8611731060903303, 0.5981953847605914]], [0.4, [0.8946738943594177, 0.8589941218670316, 0.5775672686186228]], [0.5, [0.898647889896323, 0.8663121688769109, 0.5925436408398883]], [0.6, [0.887710813692923, 0.8538374255366217, 0.5791912425348476]], [0.7, [0.8917274464362666, 0.859284591062966, 0.5862376318627265]], [0.8, [0.8953544497282059, 0.8608675867134821, 0.6035581425498326]], [0.9, [0.8979749798066455, 0.8633420994345381, 0.6120617513011386]], [1.0, [0.8960512924091933, 0.8661771028761344, 0.5952265539257839]]]}