{"body.stage2.2.0": [[0.1, [0.8125211951353557, 0.7936168942825937, 0.5461218431990953]], [0.2, [0.8437523032634142, 0.8125915655795208, 0.5556290161888056]], [0.3, [0.8639235438987141, 0.8323832515223566, 0.5609730419559635]], [0.4, [0.8760924583386036, 0.8437364824054998, 0.5733668739686586]], [0.5, [0.87764930889376, 0.848212797458206, 0.5832125376347446]], [0.6, [0.883677881399596, 0.8500802839848239, 0.5862018930581843]], [0.7, [0.8895396686521103, 0.8552063552274871, 0.5795427080534569]], [0.8, [0.8816025347815499, 0.8513344821941224, 0.5926498084868171]], [0.9, [0.8956692157209731, 0.8595282413069698, 0.5821813632020492]], [1.0, [0.8926446382985919, 0.8599929758336252, 0.6178280676074284]]], "body.stage2.2.3": [[0.1, [0.8257602944211272, 0.7979078096765406, 0.5497126764634246]], [0.2, [0.8590942675795561, 0.8257353330795962, 0.5555087011192265]], [0.3, [0.871962381005769, 0.8372796288930686, 0.5661052704264088]], [0.4, [0.8789548916809716, 0.8458904653851826, 0.5670414930129717]], [0.5, [0.8831761296003803, 0.8483128610581441, 0.592302539955536]], [0.6, [0.880165249025255, 0.846166118147889, 0.582823773313384]], [0.7, [0.8922847053869858, 0.8560832202163808, 0.5702964882340353]], [0.8, [0.8922800663328314, 0.855822256878908, 0.5824919822219208]], [0.9, [0.8897105202650617, 0.8526514080590542, 0.588675440913943]], [1.0, [0.8926843044122833, 0.8585859540283566, 0.5956365668050776]]], "body.stage2.3.0": [[0.1, [0.825917588879343, 0.8020813564127804, 0.5295371800855339]], [0.2, [0.8515886326501209, 0.8202256996269891, 0.5441154626666502]], [0.3, [0.8681029429963588, 0.8399820183573439, 0.5773909472573624]], [0.4, [0.8741982184435326, 0.8350875714701806, 0.5507508626933251]], [0.5, [0.8826777230398849, 0.8449753724879626, 0.5628190950014227]], [0.6, [0.8854837669662491, 0.85326628462473, 0.5805581415762481]], [0.7, [0.881870675172876, 0.8444778566412443, 0.558378044736378]], [0.8, [0.891118585517499, 0.8563951231874087, 0.593400644361499]], [0.9, [0.8926572404784605, 0.8585317834627705, 0.5903942259655806]], [1.0, [0.8951206166240424, 0.8586619395281732, 0.5906202054810386]]], "body.stage2.3.3": [[0.1, [0.8139324663931362, 0.7834511679415279, 0.5210840342859979]], [0.2, [0.8556042657435583, 0.82151554872313, 0.5455658617867298]], [0.3, [0.8677825764198636, 0.8329012728090266, 0.5728330506546724]], [0.4, [0.8762866433108798, 0.8390812251316647, 0.577334483824865]], [0.5, [0.8833642741292043, 0.8506631036165296, 0.5865561489392865]], [0.6, [0.8905321735334507, 0.8557423375930422, 0.5792241543446073]], [0.7, [0.8899482698391257, 0.8514132709648139, 0.5743866633594052]], [0.8, [0.8900195454984317, 0.8557275200043568, 0.5800633369337134]], [0.9, [0.8928752920239627, 0.8577386364579775, 0.604098858799517]], [1.0, [0.8931466702103247, 0.8589305496823203, 0.5875509539032663]]], "body.stage2.4.0": [[0.1, [0.8223736220328444, 0.7942621275314735, 0.5296653188609153]], [0.2, [0.857295829385326, 0.829689460928815, 0.5646236552106931]], [0.3, [0.8755120486312733, 0.8422599404340662, 0.5733454692306135]], [0.4, [0.8738196957652578, 0.8385071828418325, 0.5831604324993599]], [0.5, [0.8798171714496623, 0.844973693852493, 0.588370205326038]], [0.6, [0.8819235274979891, 0.8526595515399847, 0.6024114384688324]], [0.7, [0.8880710874698261, 0.8573451833880055, 0.610246894759377]], [0.8, [0.8921831980856211, 0.8591997670286202, 0.5913225689147343]], [0.9, [0.8903097586581343, 0.8516941466687371, 0.5883289746573869]], [1.0, [0.89284227471187, 0.8582071260744334, 0.5865453249775271]]]}