{"BboxHead.0.conv1x1": [[0.1, [0.7362659496075742, 0.7241868507026239, 0.4289906695099933]], [0.2, [0.7463467504766965, 0.7121979197159469, 0.42572263783256575]], [0.3, [0.7652688922752522, 0.7251171688685989, 0.43945708654482796]], [0.4, [0.7735044610807597, 0.7271385177086043, 0.4601619494194324]], [0.5, [0.830771434507207, 0.7839718107964215, 0.49724406733153564]], [0.6, [0.8257075221266235, 0.7839534474992085, 0.49832343895200837]], [0.7, [0.8313063722094722, 0.7888457283896173, 0.5149728865621069]], [0.8, [0.8814282791798259, 0.8399507835177901, 0.5468600267971504]], [0.9, [0.8884133451573191, 0.8488159884507555, 0.5897627260994763]], [1.0, [0.8934762870146709, 0.8541829983275415, 0.5783402934287866]]], "BboxHead.1.conv1x1": [[0.1, [0.7042811779447842, 0.7011102919492731, 0.44497601333492176]], [0.2, [0.758449647758122, 0.7557207904286563, 0.5161401907252223]], [0.3, [0.7724045186790511, 0.7717028920491542, 0.5177777253202223]], [0.4, [0.8006624584374902, 0.7866931560713399, 0.5202985572253664]], [0.5, [0.806726108982807, 0.7928582523479657, 0.5304417032367521]], [0.6, [0.7985853276858593, 0.790869158675964, 0.54160576792006]], [0.7, [0.8135766196994441, 0.8003715903381587, 0.5285443773355726]], [0.8, [0.8462697167692561, 0.8290471112997395, 0.5716569829562115]], [0.9, [0.8931146641563368, 0.8584828528424744, 0.5915202828349775]], [1.0, [0.8975880619676315, 0.8621268181247108, 0.593256123056388]]], "BboxHead.2.conv1x1": [[0.1, [0.8119151393941474, 0.8123766099132493, 0.563210205520409]], [0.2, [0.8169504658290017, 0.8046131365075228, 0.5501936594287834]], [0.3, [0.8158708008635673, 0.8129242468113458, 0.555439046379263]], [0.4, [0.8217493693568689, 0.8124412917309669, 0.552673899774175]], [0.5, [0.8414859067181879, 0.8288410266273186, 0.5598607867303429]], [0.6, [0.8437083992965054, 0.8326815142510193, 0.5831055955882257]], [0.7, [0.8510343580748184, 0.8343133021472682, 0.5747961192604277]], [0.8, [0.8641671833657298, 0.842273529989008, 0.579275578776386]], [0.9, [0.8876451862529214, 0.8524601200544385, 0.5910403712182779]], [1.0, [0.8958065552945845, 0.8563751152670657, 0.582755750967908]]], "LandmarkHead.0.conv1x1": [[0.1, [0.8952618535213935, 0.8619190852435711, 0.5923079474612444]], [0.2, [0.8941682802145893, 0.8540369264935268, 0.5835524869863566]], [0.3, [0.8922321570457827, 0.8610780607763211, 0.5949359805898289]], [0.4, [0.8904444554266266, 0.8566446664385455, 0.606597779017126]], [0.5, [0.8961635594543016, 0.8640996578334796, 0.5971857065406156]], [0.6, [0.8933627049186295, 0.8589846293213298, 0.6080771941202402]], [0.7, [0.8921213936958129, 0.8538077695168222, 0.5977729415038747]], [0.8, [0.8911645669757025, 0.8570742694148576, 0.6091783260823965]], [0.9, [0.8957072152161938, 0.8606718544800821, 0.5934405832809948]], [1.0, [0.8957398396348254, 0.8596609011550509, 0.5954990023610817]]], "LandmarkHead.1.conv1x1": [[0.1, [0.892524186413534, 0.8615828113360278, 0.606950123402115]], [0.2, [0.8923159838233742, 0.8625909886210444, 0.6120132298713012]], [0.3, [0.8949470552964018, 0.8631118861726315, 0.5977893271684916]], [0.4, [0.895296943060662, 0.8618975001873981, 0.5939895662663441]], [0.5, [0.8925640147999213, 0.8562367549102589, 0.5871484802263903]], [0.6, [0.8945659012813942, 0.864713274465615, 0.6015621185795964]], [0.7, [0.8943031884987135, 0.8603953461622651, 0.597002392056761]], [0.8, [0.8927876675470476, 0.8589543120887162, 0.5841820641979873]], [0.9, [0.8950189249062346, 0.8585619742297761, 0.5837083807291776]], [1.0, [0.8965402198361856, 0.8604731744190515, 0.564193455323825]]], "LandmarkHead.2.conv1x1": [[0.1, [0.8948832989632414, 0.859192027957316, 0.5846528218892859]], [0.2, [0.8954312882620177, 0.8600928312580134, 0.5961072905391054]], [0.3, [0.8999976997590388, 0.8672499971890143, 0.6048964812139118]], [0.4, [0.8945311219949572, 0.8623713628329978, 0.5947034165424238]], [0.5, [0.8936789996021608, 0.8596349276798239, 0.5951532213681796]], [0.6, [0.8971973250404861, 0.8629329140291149, 0.581400911825893]], [0.7, [0.8946369955891251, 0.8609362407391792, 0.5873739832853173]], [0.8, [0.8924350592755734, 0.861748936110234, 0.6069086865957004]], [0.9, [0.8919471293252628, 0.8562135461163847, 0.6086455334566412]], [1.0, [0.8925093162601423, 0.8599041687989994, 0.5919572971324956]]]}