{"BboxHead.0.conv1x1": [[0.1, [0.7982544513605012, 0.7701696858888675, 0.5060754611274396]], [0.2, [0.8106129172739258, 0.7574671694099772, 0.4864569741486423]], [0.3, [0.8145540778334662, 0.7634205543688128, 0.5101296640193715]], [0.4, [0.8173639389355246, 0.7680218800532727, 0.5382231108496724]], [0.5, [0.8591936412316705, 0.8139369076449151, 0.5824573914578062]], [0.6, [0.8591936412316705, 0.8139369076449151, 0.5824573914578062]], [0.7, [0.8598266267699963, 0.8149746195053409, 0.5930827985672793]], [0.8, [0.8921066107633, 0.8598892710259884, 0.6612274429505982]], [0.9, [0.8984317667701586, 0.8676319608821652, 0.7114658925687072]], [1.0, [0.9070763207864361, 0.8816503665409646, 0.7382727935017521]]], "BboxHead.1.conv1x1": [[0.1, [0.6918784480605584, 0.6846603345392912, 0.5114059342960231]], [0.2, [0.7692821279654123, 0.7613798781721575, 0.6092474366505631]], [0.3, [0.7781982004143819, 0.7684244644747701, 0.6178398469045783]], [0.4, [0.7936043268270265, 0.7773960452537453, 0.6241137221521202]], [0.5, [0.8108947847980823, 0.7990974541215092, 0.6422178018053704]], [0.6, [0.8108947847980823, 0.7990974541215092, 0.6422178018053704]], [0.7, [0.8168012938623506, 0.805157873059819, 0.6493334122661134]], [0.8, [0.8499530344035284, 0.8302710979355612, 0.6690675669104557]], [0.9, [0.9051834473402537, 0.8794823621741563, 0.7336198114159073]], [1.0, [0.9070763207864361, 0.8816503665409646, 0.7382727935017521]]], "BboxHead.2.conv1x1": [[0.1, [0.8135556564143152, 0.8113014437956605, 0.6717265986314296]], [0.2, [0.8135815470435084, 0.8109572034403673, 0.6730368676823594]], [0.3, [0.810026139167034, 0.8085948375223599, 0.672250131443674]], [0.4, [0.8219053678326007, 0.817768144582123, 0.6798499470534953]], [0.5, [0.8423488058169456, 0.8355178236886774, 0.6992731107733525]], [0.6, [0.8423488058169456, 0.8355178236886774, 0.6992731107733525]], [0.7, [0.8505617741040657, 0.8430059602476658, 0.7093744131640034]], [0.8, [0.8582374256016978, 0.847796765435864, 0.7112977192078416]], [0.9, [0.9026260354287517, 0.8780417258377097, 0.7341495065988523]], [1.0, [0.9070763207864361, 0.8816503665409646, 0.7382727935017521]]], "LandmarkHead.0.conv1x1": [[0.1, [0.9070763207864361, 0.8816503665409646, 0.7382727935017521]], [0.2, [0.9070763207864361, 0.8816503665409646, 0.7382727935017521]], [0.3, [0.9070763207864361, 0.8816503665409646, 0.7382727935017521]], [0.4, [0.9070763207864361, 0.8816503665409646, 0.7382727935017521]], [0.5, [0.9070763207864361, 0.8816503665409646, 0.7382727935017521]], [0.6, [0.9070763207864361, 0.8816503665409646, 0.7382727935017521]], [0.7, [0.9070763207864361, 0.8816503665409646, 0.7382727935017521]], [0.8, [0.9070763207864361, 0.8816503665409646, 0.7382727935017521]], [0.9, [0.9070763207864361, 0.8816503665409646, 0.7382727935017521]], [1.0, [0.9070763207864361, 0.8816503665409646, 0.7382727935017521]]], "LandmarkHead.1.conv1x1": [[0.1, [0.9070763207864361, 0.8816503665409646, 0.7382727935017521]], [0.2, [0.9070763207864361, 0.8816503665409646, 0.7382727935017521]], [0.3, [0.9070763207864361, 0.8816503665409646, 0.7382727935017521]], [0.4, [0.9070763207864361, 0.8816503665409646, 0.7382727935017521]], [0.5, [0.9070763207864361, 0.8816503665409646, 0.7382727935017521]], [0.6, [0.9070763207864361, 0.8816503665409646, 0.7382727935017521]], [0.7, [0.9070763207864361, 0.8816503665409646, 0.7382727935017521]], [0.8, [0.9070763207864361, 0.8816503665409646, 0.7382727935017521]], [0.9, [0.9070763207864361, 0.8816503665409646, 0.7382727935017521]], [1.0, [0.9070763207864361, 0.8816503665409646, 0.7382727935017521]]], "LandmarkHead.2.conv1x1": [[0.1, [0.9070763207864361, 0.8816503665409646, 0.7382727935017521]], [0.2, [0.9070763207864361, 0.8816503665409646, 0.7382727935017521]], [0.3, [0.9070763207864361, 0.8816503665409646, 0.7382727935017521]], [0.4, [0.9070763207864361, 0.8816503665409646, 0.7382727935017521]], [0.5, [0.9070763207864361, 0.8816503665409646, 0.7382727935017521]], [0.6, [0.9070763207864361, 0.8816503665409646, 0.7382727935017521]], [0.7, [0.9070763207864361, 0.8816503665409646, 0.7382727935017521]], [0.8, [0.9070763207864361, 0.8816503665409646, 0.7382727935017521]], [0.9, [0.9070763207864361, 0.8816503665409646, 0.7382727935017521]], [1.0, [0.9070763207864361, 0.8816503665409646, 0.7382727935017521]]]}