{"body.stage1.0.0": [[0.1, [0.0, 0.0, 0.0]], [0.2, [0.15072136982121015, 0.08699892001798025, 0.03672671872193569]], [0.3, [0.19335093483207944, 0.11646835313144518, 0.049043794679697016]], [0.4, [0.7836158955745495, 0.7093414181480804, 0.46608280460601725]], [0.5, [0.7945293818255182, 0.7243354948720716, 0.4909861712132213]], [0.6, [0.7945293818255182, 0.7243354948720716, 0.4909861712132213]], [0.7, [0.799517155370873, 0.7369199966271064, 0.5305569190789026]], [0.8, [0.9058547898088173, 0.8796209941542694, 0.7367267459366875]], [0.9, [0.9071387805679996, 0.881700280333879, 0.7380486493964651]], [1.0, [0.9070763211297674, 0.881650370788092, 0.7382728140803707]]], "body.stage1.1.0": [[0.1, [0.0002014957974257279, 0.00010909123772332187, 4.5465492059481925e-05]], [0.2, [0.005984517553387731, 0.003248224053750117, 0.001353748550344133]], [0.3, [0.8312181764096425, 0.7899554361254598, 0.5546215456240852]], [0.4, [0.8494132175271708, 0.8088327989234122, 0.5974482324145602]], [0.5, [0.8832765585590892, 0.8501909293542314, 0.6759521966680857]], [0.6, [0.8832765585590892, 0.8501909293542314, 0.6759521966680857]], [0.7, [0.8831976237520641, 0.8490637353327051, 0.678139316186902]], [0.8, [0.8883790420560805, 0.861109733746878, 0.7072413550464571]], [0.9, [0.8881858034510014, 0.8601786283864267, 0.7059154034688139]], [1.0, [0.9070763211297674, 0.881650370788092, 0.7382728140803707]]], "body.stage1.1.3": [[0.1, [0.00028932530050943184, 0.00015664274660060916, 6.528333256065815e-05]], [0.2, [0.005508737465162842, 0.0030163943961072776, 0.0012600822938969335]], [0.3, [0.002284160840724781, 0.001288643189758321, 0.0005370623519741873]], [0.4, [0.5966844328561106, 0.5127059995059526, 0.2740634350201735]], [0.5, [0.8350436373707101, 0.763448524507379, 0.4924855185948395]], [0.6, [0.8608303155051464, 0.8023401907995552, 0.6036183153195781]], [0.7, [0.9015597592039133, 0.8662778595626265, 0.6948705597724207]], [0.8, [0.905990994880456, 0.8732071249222063, 0.6964812980835231]], [0.9, [0.9045986207403326, 0.878701897736793, 0.733043930680175]], [1.0, [0.9070763211297674, 0.881650370788092, 0.7382728140803707]]], "body.stage1.2.0": [[0.1, [2.664303961913242e-07, 1.4424728485138816e-07, 6.011732858550719e-08]], [0.2, [0.014437289306422593, 0.00782740535714077, 0.003262194503778644]], [0.3, [0.014892893564970974, 0.008076156524581083, 0.0033658654718973476]], [0.4, [0.065083131212076, 0.04349056486052506, 0.019164391480575402]], [0.5, [0.2983930545205643, 0.21590480789669378, 0.10024746486170015]], [0.6, [0.3859531826280696, 0.3121959786767586, 0.16030467761989303]], [0.7, [0.5395138112695517, 0.4644166207212268, 0.2576835341198517]], [0.8, [0.6494971433632344, 0.598485173809113, 0.3988878305520377]], [0.9, [0.8907893944473688, 0.8620502165491972, 0.7201234923889366]], [1.0, [0.9070763211297674, 0.881650370788092, 0.7382728140803707]]], "body.stage1.2.3": [[0.1, [0.007418884285737852, 0.004016635977509998, 0.001673996325942038]], [0.2, [0.011233252761130632, 0.006095943704555167, 0.0025405805807926112]], [0.3, [0.07338939802483212, 0.04026678125187259, 0.016791236948220295]], [0.4, [0.12691074435603764, 0.07039980012022685, 0.02935779990175254]], [0.5, [0.14112727777407086, 0.07931973420736013, 0.033088444736760675]], [0.6, [0.8288020576406829, 0.739524058752257, 0.4279126541237998]], [0.7, [0.8621487204326701, 0.786812263586118, 0.4541829157584336]], [0.8, [0.8926819997774056, 0.8410332901214612, 0.5374626533517154]], [0.9, [0.9024752386096861, 0.8599784341743236, 0.6282663122729844]], [1.0, [0.9070763211297674, 0.881650370788092, 0.7382728140803707]]], "body.stage1.3.0": [[0.1, [3.7444783774965817e-05, 2.027286851875355e-05, 8.449037355318813e-06]], [0.2, [3.548865725338018e-06, 1.9213807902554583e-06, 8.007657157961212e-07]], [0.3, [0.00030358468354879013, 0.00016436287657258994, 6.850081835754195e-05]], [0.4, [0.0022283479288869455, 0.001207549594398913, 0.0005032653184742201]], [0.5, [0.0623827127495601, 0.03526102631770315, 0.014772702572759505]], [0.6, [0.038793939538840624, 0.021663820206637496, 0.00908102121688384]], [0.7, [0.7823889865186889, 0.7678163633762615, 0.5658764027424993]], [0.8, [0.8166446654496977, 0.7808245749621988, 0.5743860233593867]], [0.9, [0.8490380229138691, 0.8187840231761696, 0.6803644671196053]], [1.0, [0.9070763211297674, 0.881650370788092, 0.7382728140803707]]], "body.stage1.3.3": [[0.1, [0.00037415544511922076, 0.0002025703817670021, 8.442439810860193e-05]], [0.2, [0.004099096343012226, 0.002221240594594411, 0.0009259349860677859]], [0.3, [0.4224819123291425, 0.36484396155264154, 0.1793616044607052]], [0.4, [0.30718735226532945, 0.2551061667107784, 0.12270202322575954]], [0.5, [0.6771321582724014, 0.5550558784379815, 0.25754611629020574]], [0.6, [0.7593878448170532, 0.7053348221298389, 0.44630670476601186]], [0.7, [0.838796662336917, 0.7889749180649934, 0.5664264389645566]], [0.8, [0.8645836715905786, 0.839113236685137, 0.6267058283893925]], [0.9, [0.8747309769121301, 0.8508979703120806, 0.649752784639592]], [1.0, [0.9070763211297674, 0.881650370788092, 0.7382728140803707]]], "body.stage1.4.0": [[0.1, [2.6918772395245872e-05, 1.5455156018400405e-05, 6.44117976747841e-06]], [0.2, [3.320050852795367e-05, 0.000803953118478839, 0.0005286266600915753]], [0.3, [0.007730138360248148, 0.007255923553388953, 0.003435365136323582]], [0.4, [0.5465898146468877, 0.4745920854778135, 0.23427948604888804]], [0.5, [0.5914282154563038, 0.5434893618501709, 0.27261740649171395]], [0.6, [0.8191141172192203, 0.7577968756328306, 0.49177884574402253]], [0.7, [0.8621940583203765, 0.8164135206113446, 0.5552954102028868]], [0.8, [0.8847694031358814, 0.8479115835786588, 0.6647893042321815]], [0.9, [0.8893809406787894, 0.861959571950242, 0.7111687486590669]], [1.0, [0.9070763211297674, 0.881650370788092, 0.7382728140803707]]], "body.stage1.4.3": [[0.1, [0.0001257624401744076, 6.808866702437518e-05, 2.83770247230006e-05]], [0.2, [0.0002421162140838914, 0.0022707231502915918, 0.001062469560807364]], [0.3, [0.0018777001697258449, 0.033659967311894495, 0.022740326397653127]], [0.4, [0.11087331348224569, 0.24736161279682078, 0.1446854969614737]], [0.5, [0.2563456664866768, 0.34741338683769923, 0.2195822773211632]], [0.6, [0.6021222207300505, 0.5396448853400161, 0.3415750600426887]], [0.7, [0.7343070355257625, 0.6832104721920308, 0.44082766430693077]], [0.8, [0.8397642860659297, 0.795789337412383, 0.6481090398975912]], [0.9, [0.8423366336605488, 0.8081454169131127, 0.6670989484705044]], [1.0, [0.9070763211297674, 0.881650370788092, 0.7382728140803707]]], "body.stage1.5.0": [[0.1, [0.0, 0.0, 0.0]], [0.2, [0.0, 0.0, 0.0]], [0.3, [0.0, 0.0, 0.0]], [0.4, [1.2019676811924961e-06, 6.50753731442232e-07, 2.7121187023840945e-07]], [0.5, [0.00010595024152189829, 5.736220374010126e-05, 2.3906602153276444e-05]], [0.6, [4.566276977257035e-05, 2.664743859629628e-05, 1.1105739866827404e-05]], [0.7, [8.318480094137645e-05, 5.4316238053195306e-05, 2.2637147963906014e-05]], [0.8, [0.38519746839813884, 0.3974131567802792, 0.2158161227544717]], [0.9, [0.7999293253632568, 0.7886840594839055, 0.559604442073471]], [1.0, [0.9070763211297674, 0.881650370788092, 0.7382728140803707]]]}