{"body.layer2.2.conv3": [[0.1, [0.9427075086245315, 0.9273776645170487, 0.8222428969090724]], [0.2, [0.9485488796295375, 0.9337491079439436, 0.8315285271305324]], [0.3, [0.951368782925714, 0.937419531913675, 0.8362954678660852]], [0.4, [0.9533602188429184, 0.9382956947093651, 0.8414200501523912]], [0.5, [0.953605667141678, 0.9392423955937164, 0.8426845543028172]], [0.6, [0.9537211153352404, 0.9387240363335141, 0.8421753471347043]], [0.7, [0.9546048812407351, 0.9396518765833616, 0.8429753557452977]], [0.8, [0.9545673060695331, 0.9398836413278693, 0.8444295177944288]], [0.9, [0.954679635861865, 0.940336779069255, 0.8438282074133773]], [1.0, [0.9548215687559845, 0.940468731456364, 0.8443013364437963]]], "body.layer2.3.conv1": [[0.1, [0.8756523848442265, 0.8401631144240074, 0.6728351038387927]], [0.2, [0.9100003872613677, 0.8856446973706573, 0.7445562351591215]], [0.3, [0.932166485746364, 0.9138409426671006, 0.7987057173530521]], [0.4, [0.9427007588879942, 0.9282881386975741, 0.815857348466406]], [0.5, [0.947045204628012, 0.9324264097383084, 0.8239516754896601]], [0.6, [0.9484982887552573, 0.9354047429402557, 0.830707594780357]], [0.7, [0.9511940540252662, 0.9375413497824484, 0.839708283627636]], [0.8, [0.953001703607767, 0.9392609248336276, 0.8423067360557653]], [0.9, [0.9544866970425413, 0.9406953177459846, 0.8436454253857654]], [1.0, [0.9548215687559845, 0.940468731456364, 0.8443013364437963]]], "body.layer2.3.conv2": [[0.1, [0.9355818036573884, 0.9167237069586173, 0.8059566243748605]], [0.2, [0.9358865774553936, 0.9172424962316188, 0.8130973818096523]], [0.3, [0.9408236764015178, 0.9237669824711331, 0.8198266830917946]], [0.4, [0.9432550061066363, 0.9291381775878232, 0.8291772270249603]], [0.5, [0.9475381788403134, 0.9323791430550357, 0.83216185758748]], [0.6, [0.9478952754586668, 0.9336247740127848, 0.8352560483746645]], [0.7, [0.9505140751426553, 0.9378207061905286, 0.8396541442181396]], [0.8, [0.952388882288944, 0.9394984270988264, 0.8417012634515617]], [0.9, [0.9539794970703479, 0.940129659864017, 0.8433833061051682]], [1.0, [0.9548215687559845, 0.940468731456364, 0.8443013364437963]]], "body.layer2.3.conv3": [[0.1, [0.9248241022850598, 0.9026522327172699, 0.7686742528232031]], [0.2, [0.9442794065116409, 0.9244575899360536, 0.817771977124402]], [0.3, [0.9480616300187692, 0.9298850588008117, 0.8295323241480683]], [0.4, [0.9510725239882201, 0.9337380317656038, 0.8359085992239097]], [0.5, [0.9532097713723179, 0.9371139669313436, 0.8400316153345833]], [0.6, [0.9542680113902129, 0.9389817656425663, 0.8422555968051975]], [0.7, [0.9540474005689672, 0.9396012201870342, 0.8429005898635292]], [0.8, [0.9548968762199354, 0.9402463273067542, 0.8438580168715374]], [0.9, [0.9550723341923281, 0.9406214021792736, 0.8444194199282303]], [1.0, [0.9548215687559845, 0.940468731456364, 0.8443013364437963]]], "body.layer3.0.conv1": [[0.1, [0.7496456522173912, 0.704557218558831, 0.4900449451765732]], [0.2, [0.8958064858974923, 0.8773862925879943, 0.7213675518827196]], [0.3, [0.9180195878328751, 0.9001120463367783, 0.7686053355811211]], [0.4, [0.9300441531948082, 0.9126910970819384, 0.7914266965692969]], [0.5, [0.937306805076739, 0.922406657948757, 0.8189422255678814]], [0.6, [0.9421580289208897, 0.9280118231268427, 0.8313743243221583]], [0.7, [0.9476799091409767, 0.9341803157153558, 0.8379346622544068]], [0.8, [0.9522695538893903, 0.9381135305038555, 0.8399246754385398]], [0.9, [0.9539169556930689, 0.9383449790120242, 0.8418707938431731]], [1.0, [0.9548215687559845, 0.940468731456364, 0.8443013364437963]]], "body.layer3.0.conv2": [[0.1, [0.9037040655186859, 0.8861721675500627, 0.7751662493067306]], [0.2, [0.915261768627126, 0.9002404851486123, 0.7978342322079404]], [0.3, [0.927101180002107, 0.9144578527604227, 0.8190216334010589]], [0.4, [0.9350009476384633, 0.9214504068979928, 0.828877763196054]], [0.5, [0.9415141759361924, 0.9262832885477132, 0.8326038674715996]], [0.6, [0.947131206221233, 0.932661985404984, 0.8376448201842155]], [0.7, [0.9507753011092066, 0.9365416929982938, 0.8418673871005822]], [0.8, [0.952828920125534, 0.9395160421506479, 0.8433737128337742]], [0.9, [0.9540339780252847, 0.9395896622709055, 0.8454122864949851]], [1.0, [0.9548215687559845, 0.940468731456364, 0.8443013364437963]]], "body.layer3.0.conv3": [[0.1, [0.8898201621639568, 0.8865454486812846, 0.8041176026304341]], [0.2, [0.9246496682172632, 0.9178988839162401, 0.8242189861929701]], [0.3, [0.9418921135355991, 0.9308486739400086, 0.8308537145257404]], [0.4, [0.94771627237504, 0.9359459192570878, 0.8403872267766628]], [0.5, [0.9515309850561405, 0.9394526450176921, 0.8452412986703117]], [0.6, [0.9527888003697165, 0.939342112689371, 0.843895116624803]], [0.7, [0.9546085858073448, 0.9407323225292676, 0.8428213497275442]], [0.8, [0.9541627065311661, 0.939984863499355, 0.8442643536474753]], [0.9, [0.9547055250024449, 0.9402268919928917, 0.8442639798047256]], [1.0, [0.9548215687559845, 0.940468731456364, 0.8443013364437963]]], "body.layer3.0.downsample.0": [[0.1, [0.9437043132238861, 0.9310017739409455, 0.8399336854823087]], [0.2, [0.9465332483714678, 0.9323903691609613, 0.8393571470276795]], [0.3, [0.9497254158308811, 0.9355546634879591, 0.8399775395650175]], [0.4, [0.9513013889095858, 0.9379038675342395, 0.8400732629784764]], [0.5, [0.9516901625840686, 0.938524414602009, 0.8428050223840612]], [0.6, [0.9533673190732285, 0.9400882762663187, 0.8431169522679776]], [0.7, [0.9538891006105648, 0.9403174286905088, 0.8436056599855031]], [0.8, [0.955166045683487, 0.9411198792716535, 0.8448664581849339]], [0.9, [0.9555878218650675, 0.9406919580705566, 0.8446335376186003]], [1.0, [0.9548215687559845, 0.940468731456364, 0.8443013364437963]]], "body.layer3.1.conv1": [[0.1, [0.9364637694608472, 0.9280127246469343, 0.8401695202860796]], [0.2, [0.9437297147394393, 0.9329346214242284, 0.8416618977859147]], [0.3, [0.9476435974522959, 0.9367978493781393, 0.8434600041380812]], [0.4, [0.9493823659802438, 0.9372756862107304, 0.8444344578590864]], [0.5, [0.9520599181531594, 0.9388746755717233, 0.8450800429638383]], [0.6, [0.9542652803117763, 0.940408366812864, 0.8453804702187132]], [0.7, [0.9542789530297422, 0.9401852658806684, 0.8454443218686936]], [0.8, [0.9544053688973824, 0.9400583472367181, 0.8454477349073075]], [0.9, [0.9552976834792473, 0.9403873127997697, 0.8452722887442432]], [1.0, [0.9548215687559845, 0.940468731456364, 0.8443013364437963]]], "body.layer3.1.conv2": [[0.1, [0.8061640786176759, 0.844416366581924, 0.7619414231059696]], [0.2, [0.9418792872274141, 0.9290211224426688, 0.8256921375671951]], [0.3, [0.9473091734093335, 0.934175768029075, 0.8304681026728424]], [0.4, [0.9508297532029351, 0.9379074998274931, 0.8385023422444291]], [0.5, [0.9515308646327886, 0.9383880612335317, 0.8411191191291435]], [0.6, [0.9525992346179638, 0.9394993663124374, 0.8418989387317177]], [0.7, [0.9547818563492309, 0.9403677786070039, 0.8445845191056233]], [0.8, [0.9529409721411317, 0.9384201258509938, 0.8437395788447557]], [0.9, [0.9531341648645779, 0.9391472328512396, 0.8435087931894711]], [1.0, [0.9548215687559845, 0.940468731456364, 0.8443013364437963]]]}