{"body.layer4.2.conv1": [[0.1, [0.8876179622477285, 0.894674380859293, 0.8169215389467857]], [0.2, [0.9178695314499855, 0.9039114993763141, 0.8188002657239482]], [0.3, [0.9334423601121996, 0.916125993154343, 0.8267610890623579]], [0.4, [0.9364616243347135, 0.9191742678606297, 0.8309608193830293]], [0.5, [0.9431487172456414, 0.9268447290652355, 0.8324121326574487]], [0.6, [0.9438893654052911, 0.9291263605088925, 0.8376714291257326]], [0.7, [0.9474386795738554, 0.9320384019869187, 0.8378202615108554]], [0.8, [0.9501206351361456, 0.9352323481328861, 0.8396142037960476]], [0.9, [0.9530503103453603, 0.9388613789678509, 0.841928243256417]], [1.0, [0.9548215687559845, 0.9404687277090479, 0.8443013315477231]]], "body.layer4.2.conv2": [[0.1, [0.9405854416643107, 0.9316222737349754, 0.8280379191142176]], [0.2, [0.9462981194637058, 0.9356569833887175, 0.8334352934956781]], [0.3, [0.9520041138838091, 0.937529409979659, 0.8359227610382046]], [0.4, [0.9536489845654287, 0.9382672643250947, 0.8360136566520242]], [0.5, [0.9545569852947611, 0.9392215608493941, 0.839135155441427]], [0.6, [0.9563817402079208, 0.9413554980949463, 0.8386126194928407]], [0.7, [0.9561647672518387, 0.9416759008262781, 0.8412523689472248]], [0.8, [0.9545628501746509, 0.9404145989798846, 0.8420389239015647]], [0.9, [0.9536695707896008, 0.9395434054247954, 0.8438590317087951]], [1.0, [0.9548215687559845, 0.9404687277090479, 0.8443013315477231]]], "body.layer4.2.conv3": [[0.1, [0.9436849633417419, 0.9350865179022418, 0.8358227233871675]], [0.2, [0.9489771101206151, 0.9382687884661026, 0.8390758362155981]], [0.3, [0.9507558312594164, 0.9389787478448581, 0.8410822710777068]], [0.4, [0.9522972291131259, 0.9399687486289752, 0.8429378403853733]], [0.5, [0.9534941915981058, 0.9400352811327072, 0.8436302994670986]], [0.6, [0.9538427638833542, 0.9402116134464202, 0.8438050538182433]], [0.7, [0.9546737393642052, 0.94035618030383, 0.8443764145453848]], [0.8, [0.954924988615169, 0.9404164394681378, 0.8444293795397592]], [0.9, [0.9547311650693842, 0.9405554871223046, 0.8447216131286686]], [1.0, [0.9548215687559845, 0.9404687277090479, 0.8443013315477231]]], "fpn.output1.0": [[0.1, [0.9665702516044674, 0.9235011668083599, 0.5006271453657938]], [0.2, [0.9665350843851883, 0.9349330247724164, 0.6348398976716283]], [0.3, [0.9653176568764867, 0.9413543058005037, 0.7378180503988334]], [0.4, [0.9643596499470302, 0.9448955826399502, 0.763762783307151]], [0.5, [0.9634584528537309, 0.9449397591213212, 0.7947230583721044]], [0.6, [0.9618349851104624, 0.946210926753736, 0.8134904793775494]], [0.7, [0.9583067639903172, 0.943568861580472, 0.8349901823844663]], [0.8, [0.95652977770248, 0.9425431925605258, 0.8412873818239102]], [0.9, [0.9564653588176633, 0.9414888873270664, 0.8425489702150435]], [1.0, [0.9548215687559845, 0.9404687277090479, 0.8443013315477231]]], "fpn.output2.0": [[0.1, [0.6775830447888515, 0.7634609169541574, 0.7551608547372551]], [0.2, [0.8599174888694221, 0.8740146703810825, 0.8011382601904552]], [0.3, [0.916741815114625, 0.9115934737806259, 0.8246777923751387]], [0.4, [0.9439515321601719, 0.9305072507918818, 0.8331480047184043]], [0.5, [0.9493990129819379, 0.9348723442493786, 0.8375629361456027]], [0.6, [0.9505112729493486, 0.9367824654968299, 0.8386160538066776]], [0.7, [0.9519415711007557, 0.939134098467726, 0.8415762397724336]], [0.8, [0.9543584924491124, 0.9406902631860153, 0.8434418144687997]], [0.9, [0.954474952156234, 0.9400608757677575, 0.8435862826862964]], [1.0, [0.9548215687559845, 0.9404687277090479, 0.8443013315477231]]], "fpn.output3.0": [[0.1, [0.8064421410560225, 0.8540408631010522, 0.7871557062384286]], [0.2, [0.8460629064635538, 0.8798450409020401, 0.8034264475393785]], [0.3, [0.9153218330796963, 0.915263824956789, 0.8203518469211949]], [0.4, [0.931501343694314, 0.9232631777582883, 0.8254118914799581]], [0.5, [0.9368356944882335, 0.9264713315798369, 0.8285098238909641]], [0.6, [0.9414509272543626, 0.9289821472533617, 0.8339084590797454]], [0.7, [0.9470014270841957, 0.9341933302412339, 0.8364620506786377]], [0.8, [0.9489791250752444, 0.9371887539883864, 0.8394093349439664]], [0.9, [0.9530323772238266, 0.9407356515571519, 0.840767623696427]], [1.0, [0.9548215687559845, 0.9404687277090479, 0.8443013315477231]]], "fpn.merge1.0": [[0.1, [0.9648488799616637, 0.7691033871170372, 0.32223355930110276]], [0.2, [0.9648488799616637, 0.7691033871170372, 0.32223355930110276]], [0.3, [0.9648488799616637, 0.7691033871170372, 0.32223355930110276]], [0.4, [0.9648488799616637, 0.7691033871170372, 0.32223355930110276]], [0.5, [0.9648488799616637, 0.7691033871170372, 0.32223355930110276]], [0.6, [0.9648488799616637, 0.7691608222556927, 0.3222575294078093]], [0.7, [0.9648488799616637, 0.76957502855752, 0.32250342867106385]], [0.8, [0.9648460901782955, 0.7803686483162937, 0.3285360467218256]], [0.9, [0.9645828151147547, 0.8881222444159906, 0.5003083136652259]], [1.0, [0.9548215687559845, 0.9404687277090479, 0.8443013315477231]]], "fpn.merge2.0": [[0.1, [0.4374055955132994, 0.6147744028365647, 0.533703425207823]], [0.2, [0.48062255046435254, 0.6921206639968459, 0.638356579925123]], [0.3, [0.639987148050998, 0.81664016026108, 0.7113202895438446]], [0.4, [0.786931985023908, 0.8840398753942528, 0.7573251259169065]], [0.5, [0.8751988669783488, 0.9158218687038304, 0.7849188755723521]], [0.6, [0.9009766244204842, 0.926369452251308, 0.7914451876141941]], [0.7, [0.9228516250741157, 0.9338856926473125, 0.7995453561768219]], [0.8, [0.9422687799331179, 0.9377604785565323, 0.8192894725158659]], [0.9, [0.9504307593179644, 0.9395702889858156, 0.8319163403939401]], [1.0, [0.9548215687559845, 0.9404687277090479, 0.8443013315477231]]], "ssh1.conv3X3.0": [[0.1, [0.9653077764465147, 0.919105826621228, 0.5845498516414804]], [0.2, [0.9656814256906968, 0.9174396718531855, 0.615438502263149]], [0.3, [0.9657923372638151, 0.9214064147277785, 0.6509357414790595]], [0.4, [0.965458724325587, 0.9243190794638649, 0.6750659550542939]], [0.5, [0.964954868916376, 0.9277151503978003, 0.7427215641682703]], [0.6, [0.9641883682978357, 0.9348305983126252, 0.7732150906912619]], [0.7, [0.9637766368058456, 0.9376728105116725, 0.7987723313568728]], [0.8, [0.9622720384828688, 0.9406445776966249, 0.8185158969381531]], [0.9, [0.9594570865484973, 0.9410588407561367, 0.8328969324327364]], [1.0, [0.9548215687559845, 0.9404687277090479, 0.8443013315477231]]], "ssh1.conv5X5_1.0": [[0.1, [0.96005386872758, 0.8947422090795931, 0.7633873934961788]], [0.2, [0.9611919728483911, 0.9044868737640336, 0.764507429447114]], [0.3, [0.9493221538945087, 0.9210417444179665, 0.8118398688587167]], [0.4, [0.9491514225185445, 0.9296755410640478, 0.820941112142633]], [0.5, [0.9486945883833522, 0.9317929225044193, 0.8298190552645045]], [0.6, [0.9505346130671255, 0.9387809659991107, 0.8362274015650684]], [0.7, [0.9495074282897452, 0.9387115838874517, 0.8396783354093874]], [0.8, [0.9544203993035232, 0.944439837474547, 0.8410114955296121]], [0.9, [0.9539478523690147, 0.9426355523426537, 0.8454440761080099]], [1.0, [0.9548215687559845, 0.9404687277090479, 0.8443013315477231]]]}