{"body.layer3.1.conv3": [[0.1, [0.9462164731783145, 0.934652034510523, 0.841436883017968]], [0.2, [0.9498807384514673, 0.9370454306774268, 0.8431259616633384]], [0.3, [0.9509625112178822, 0.9382717895048057, 0.8431665720032389]], [0.4, [0.9517606713630112, 0.939086208256496, 0.8445002456410473]], [0.5, [0.9526064599086839, 0.9397301142976927, 0.8454018600612386]], [0.6, [0.9535817258054771, 0.9400923817739502, 0.8451631744464586]], [0.7, [0.9546264127003737, 0.9408598717595176, 0.8447865418461242]], [0.8, [0.9550231465918381, 0.9409435052360927, 0.8445932181274625]], [0.9, [0.9550201611439606, 0.9408049218196358, 0.8443176388782992]], [1.0, [0.9548215687559845, 0.9404687277090479, 0.8443013315477231]]], "body.layer3.2.conv1": [[0.1, [0.9359445589577629, 0.9280994972201249, 0.8424404366068527]], [0.2, [0.9414515407143326, 0.9318279670497511, 0.842113658069318]], [0.3, [0.9462459243671445, 0.934983609825617, 0.8435483127967441]], [0.4, [0.9495597257056968, 0.938428499831776, 0.8452340476378107]], [0.5, [0.9518751245188984, 0.9393636232713977, 0.8451402355474574]], [0.6, [0.9526706275692288, 0.9397134163332819, 0.8452836384855118]], [0.7, [0.9531887195450918, 0.9402879969324269, 0.8455498377617865]], [0.8, [0.9531808358564378, 0.9398652940170471, 0.8452200306817071]], [0.9, [0.9540222453930839, 0.9402172073231828, 0.8449007216843951]], [1.0, [0.9548215687559845, 0.9404687277090479, 0.8443013315477231]]], "body.layer3.2.conv2": [[0.1, [0.9399451247711808, 0.9269562858954895, 0.8279007066579003]], [0.2, [0.9490193340323569, 0.9350551297235727, 0.8353070212736919]], [0.3, [0.9500698254706759, 0.9346970643588202, 0.8373147941330912]], [0.4, [0.9495172092137777, 0.9355213938298651, 0.8381444715144752]], [0.5, [0.9505073292574349, 0.9365482652136073, 0.8393056265369657]], [0.6, [0.9530450806493551, 0.9395042422317228, 0.842391458405205]], [0.7, [0.9539410833167719, 0.9400793204157636, 0.8446264003726842]], [0.8, [0.9523453339475566, 0.939081717030419, 0.8451848813977347]], [0.9, [0.9532652855791068, 0.9390672712588045, 0.8440396973319657]], [1.0, [0.9548215687559845, 0.9404687277090479, 0.8443013315477231]]], "body.layer3.2.conv3": [[0.1, [0.9407086111874615, 0.930584815624188, 0.8438838286813807]], [0.2, [0.9461632039926127, 0.9347387114948517, 0.8450763463987736]], [0.3, [0.9496631149739941, 0.9371905966640615, 0.8457665548004254]], [0.4, [0.950868500498692, 0.9377772239797081, 0.8444076293338468]], [0.5, [0.9527824993502495, 0.9395472461081924, 0.8443853876417101]], [0.6, [0.9527731321451053, 0.9394130320907415, 0.8441218028047113]], [0.7, [0.9542220617294854, 0.9405108599547546, 0.8436771934943389]], [0.8, [0.9544746707467806, 0.9404829642441211, 0.8436624006263143]], [0.9, [0.9546782969123844, 0.940311060406313, 0.8434526622394124]], [1.0, [0.9548215687559845, 0.9404687277090479, 0.8443013315477231]]], "body.layer3.3.conv1": [[0.1, [0.9257217634951671, 0.9194071300223715, 0.8362313438884199]], [0.2, [0.9331127870755633, 0.9240995875565354, 0.8381517663928479]], [0.3, [0.9380974097071075, 0.9283065493277096, 0.8413099287466106]], [0.4, [0.9434655431355813, 0.9323515210907584, 0.8424341944575218]], [0.5, [0.946434409582885, 0.9349086337548165, 0.8435154161370136]], [0.6, [0.9492355584912364, 0.9361099380369886, 0.8438602490632817]], [0.7, [0.9520754702294693, 0.9389330744027702, 0.8443143150677732]], [0.8, [0.9530565283109889, 0.9394576171155843, 0.8451583233469903]], [0.9, [0.9542106762023583, 0.9405054944539089, 0.8454704847482577]], [1.0, [0.9548215687559845, 0.9404687277090479, 0.8443013315477231]]], "body.layer3.3.conv2": [[0.1, [0.9338458220872112, 0.9247325893608773, 0.8363826783119638]], [0.2, [0.9416230972192594, 0.9295425048645074, 0.8396425525884387]], [0.3, [0.9424196989019208, 0.9305230647716805, 0.8402693603686034]], [0.4, [0.9463149635219288, 0.933180886166906, 0.839276918516725]], [0.5, [0.9477844864232574, 0.934438947532007, 0.8425613113035983]], [0.6, [0.9487605148414788, 0.9348882409622175, 0.8442623387524218]], [0.7, [0.9518735834211268, 0.937208481587044, 0.8447446196590749]], [0.8, [0.9523236076074504, 0.9380707470155788, 0.8452364370669048]], [0.9, [0.95438108093102, 0.9409445275999769, 0.8463860338685554]], [1.0, [0.9548215687559845, 0.9404687277090479, 0.8443013315477231]]], "body.layer3.3.conv3": [[0.1, [0.9421434461168102, 0.9305123647153541, 0.8386165748809531]], [0.2, [0.9473708664223572, 0.9346149205387726, 0.8426793651868087]], [0.3, [0.950276017688674, 0.9368522445469787, 0.843744394379777]], [0.4, [0.9514882616670927, 0.9384733749737029, 0.8445599452217776]], [0.5, [0.9531934309419475, 0.9397050780808573, 0.8443614249805113]], [0.6, [0.9541893432793663, 0.940593724089621, 0.8447231420027663]], [0.7, [0.9548370647606881, 0.9411613259191263, 0.844589734941529]], [0.8, [0.9555507286497577, 0.9412969646985161, 0.8440788550382914]], [0.9, [0.9549639651539145, 0.9404588697588199, 0.8440067352657138]], [1.0, [0.9548215687559845, 0.9404687277090479, 0.8443013315477231]]], "body.layer3.4.conv1": [[0.1, [0.9150376422993843, 0.9051637971609202, 0.831448211519381]], [0.2, [0.9225118561123073, 0.9116659645790129, 0.8345964539564934]], [0.3, [0.9321719747275972, 0.9192920524657502, 0.8383152483608305]], [0.4, [0.938118068710694, 0.9256810420854248, 0.8406634529314281]], [0.5, [0.942923487152726, 0.9289100585681593, 0.8407735374734457]], [0.6, [0.9476000995940213, 0.9328812567816915, 0.8429927330046045]], [0.7, [0.9487718309032913, 0.9351782541729107, 0.8441101957893303]], [0.8, [0.9499340931189983, 0.9364475292249589, 0.8454314258566835]], [0.9, [0.9510837745692298, 0.937914234931209, 0.8451020139905142]], [1.0, [0.9548215687559845, 0.9404687277090479, 0.8443013315477231]]], "body.layer3.4.conv2": [[0.1, [0.8977469216667714, 0.8911446576410326, 0.8122217197739532]], [0.2, [0.9265065815023308, 0.9167920451079012, 0.8266497213375581]], [0.3, [0.9299834213381387, 0.9197971232577945, 0.8231385278916518]], [0.4, [0.9302430687724383, 0.9171900085020327, 0.8183200475633137]], [0.5, [0.9372098114711536, 0.9255509596107716, 0.8332644030701909]], [0.6, [0.9409555941300284, 0.9302870699670356, 0.8384910613567453]], [0.7, [0.9433626015298187, 0.9319423245838676, 0.8380891005431947]], [0.8, [0.9493495915318756, 0.9365977020157703, 0.8445985842057171]], [0.9, [0.9500277096933646, 0.937194258621415, 0.8455526304025401]], [1.0, [0.9548215687559845, 0.9404687277090479, 0.8443013315477231]]], "body.layer3.4.conv3": [[0.1, [0.9407630741832445, 0.9275213108845332, 0.841665848963679]], [0.2, [0.943749689176952, 0.931248946361475, 0.8432374699797454]], [0.3, [0.947305337745201, 0.9341630368891257, 0.8453938238834806]], [0.4, [0.9511300646882729, 0.9374222907342336, 0.845968598347086]], [0.5, [0.9524899980325423, 0.9383157687222475, 0.8462240118528133]], [0.6, [0.9528478680858815, 0.9387399045425937, 0.845752745086549]], [0.7, [0.9531841837129419, 0.9390428394780108, 0.844356947425555]], [0.8, [0.9541887775320259, 0.94021962622848, 0.8445171005385628]], [0.9, [0.9548088176775952, 0.9405747320067692, 0.8451794076190912]], [1.0, [0.9548215687559845, 0.9404687277090479, 0.8443013315477231]]]}