{"body.conv1": [[0.1, [0.2615348532895979, 0.15879114844604308, 0.06631542016360453]], [0.2, [0.5670096555986941, 0.5245820922238544, 0.3311510041022895]], [0.3, [0.8305938291632968, 0.7975493402995868, 0.632767990455622]], [0.4, [0.897188815587738, 0.8682545038073757, 0.6737389632467524]], [0.5, [0.9193657010148689, 0.8997181263980223, 0.7485595152664948]], [0.6, [0.9201805149133756, 0.9013720269703899, 0.7700966306281039]], [0.7, [0.9366629384243252, 0.9204536045525097, 0.8139868117565958]], [0.8, [0.9519318660769616, 0.9367310074190801, 0.838224369320095]], [0.9, [0.9543371317364658, 0.9401518577834543, 0.8440378789509273]], [1.0, [0.9548215687559845, 0.9404687277090479, 0.8443013315477231]]], "body.layer1.0.conv1": [[0.1, [0.918823039120893, 0.8977683322970645, 0.7514542916396474]], [0.2, [0.9092073622134713, 0.8889035773062485, 0.7319964643392209]], [0.3, [0.9323510266873081, 0.9133743776661115, 0.7733709698766414]], [0.4, [0.9451657195959833, 0.926783837398702, 0.8079684428697107]], [0.5, [0.9465919819270947, 0.928692508283237, 0.8223006483899282]], [0.6, [0.9492524373264726, 0.9327192384413612, 0.8271167130097176]], [0.7, [0.9541013062843471, 0.9385372618736312, 0.8375675052763853]], [0.8, [0.954898225290559, 0.9397245657783094, 0.8408014197925532]], [0.9, [0.9547980360927478, 0.9403220557540645, 0.8440466467506126]], [1.0, [0.9548215687559845, 0.9404687277090479, 0.8443013315477231]]], "body.layer1.0.conv2": [[0.1, [0.9370042959926691, 0.9155535155945776, 0.8038247744377585]], [0.2, [0.9427096156169852, 0.9240726100568255, 0.813897314833519]], [0.3, [0.9441516143419669, 0.9266698212513188, 0.8178558393561326]], [0.4, [0.9457726799207691, 0.9296562017577775, 0.8242613976035977]], [0.5, [0.9451564724203598, 0.9300577492212024, 0.8291960061558692]], [0.6, [0.9494229627269907, 0.934304760790825, 0.8372510856567585]], [0.7, [0.9542804232225924, 0.9397211908638473, 0.8446760629964541]], [0.8, [0.9546932143633321, 0.9405054873471733, 0.8447306303393087]], [0.9, [0.9545714720246335, 0.9403700523747457, 0.8443489793178546]], [1.0, [0.9548215687559845, 0.9404687277090479, 0.8443013315477231]]], "body.layer1.0.conv3": [[0.1, [0.949897456271156, 0.930382383671305, 0.8137562600032469]], [0.2, [0.9532642610607847, 0.9357390888698296, 0.8237135664617015]], [0.3, [0.9547787727547352, 0.9375947287957154, 0.8344159024593941]], [0.4, [0.9549656115477096, 0.9381233463795116, 0.839183672946859]], [0.5, [0.9542173314502417, 0.9392948858342374, 0.8406755067425198]], [0.6, [0.9550949072423396, 0.9408084962650033, 0.8438873904523393]], [0.7, [0.9548116397516452, 0.9404535129268651, 0.84430343741373]], [0.8, [0.9549671979856682, 0.9405841415747253, 0.8443336588142759]], [0.9, [0.9548215687559845, 0.9404687277090479, 0.8443013315477231]], [1.0, [0.9548215687559845, 0.9404687277090479, 0.8443013315477231]]], "body.layer1.0.downsample.0": [[0.1, [0.23023137209621158, 0.1931387781139603, 0.08625230032423656]], [0.2, [0.5689155272705144, 0.5464983896965652, 0.28220906745592017]], [0.3, [0.8327900712601307, 0.8171498887166312, 0.5346100216807563]], [0.4, [0.9253064537045658, 0.9121377703234411, 0.718424808488507]], [0.5, [0.9455460144249157, 0.9294363291717238, 0.7653214467727413]], [0.6, [0.9533879216503419, 0.9388698937463639, 0.8123260145990627]], [0.7, [0.9525292907632671, 0.9388950858496216, 0.8364789787254314]], [0.8, [0.9543045307712854, 0.9399282208869779, 0.8439576073531136]], [0.9, [0.9548215687559845, 0.9404687277090479, 0.8443013315477231]], [1.0, [0.9548215687559845, 0.9404687277090479, 0.8443013315477231]]], "body.layer1.1.conv1": [[0.1, [0.9491224120295524, 0.9246453345727279, 0.8092467611932015]], [0.2, [0.9508037196886022, 0.9296425601321634, 0.8214302502472408]], [0.3, [0.951551156115692, 0.9325797650846569, 0.8285703776177887]], [0.4, [0.9531300537839283, 0.934932851326918, 0.8324145655230377]], [0.5, [0.9528903939087813, 0.9364824249423169, 0.8372706528377236]], [0.6, [0.9531003453437381, 0.937858063354127, 0.8402197296847151]], [0.7, [0.9540744067667529, 0.9390661669297673, 0.8413063459155217]], [0.8, [0.9534625826831108, 0.9392834872595205, 0.8432133294136545]], [0.9, [0.9548372027629601, 0.9403986964506561, 0.8444001601837834]], [1.0, [0.9548215687559845, 0.9404687277090479, 0.8443013315477231]]], "body.layer1.1.conv2": [[0.1, [0.9495405724079964, 0.9291435468846333, 0.8178175617184729]], [0.2, [0.9503834456110339, 0.9311924216452425, 0.8249269234846863]], [0.3, [0.9507285508940702, 0.9326570865602795, 0.8326610805068069]], [0.4, [0.9506146188242968, 0.9334640689054068, 0.8386775639887053]], [0.5, [0.9536583806028325, 0.9368788843945806, 0.8423402542520289]], [0.6, [0.9534703786258252, 0.9374958662745242, 0.8439245074140678]], [0.7, [0.9535285463030876, 0.9384622025088467, 0.8443776013278972]], [0.8, [0.9536745372334648, 0.9393911103791525, 0.8449385849339837]], [0.9, [0.9544302894830988, 0.9401186060405086, 0.8441868359097913]], [1.0, [0.9548215687559845, 0.9404687277090479, 0.8443013315477231]]], "body.layer1.1.conv3": [[0.1, [0.9529304333085903, 0.9306104098500995, 0.8130882285401312]], [0.2, [0.9545825813401323, 0.9361565381967639, 0.8328523944640689]], [0.3, [0.9554211452339564, 0.939375934314801, 0.8378881280613865]], [0.4, [0.9543849027943677, 0.9389395264516304, 0.8393478694973231]], [0.5, [0.9546659552963667, 0.9401030007481288, 0.8432956124748037]], [0.6, [0.9549530646196093, 0.9407620453780625, 0.8440799346000756]], [0.7, [0.9548043864587847, 0.9404641077545092, 0.8444056173918172]], [0.8, [0.9548063916171914, 0.9404450852379311, 0.8441792625833222]], [0.9, [0.9548111135634504, 0.9404604628861849, 0.8440901265818676]], [1.0, [0.9548215687559845, 0.9404687277090479, 0.8443013315477231]]], "body.layer1.2.conv1": [[0.1, [0.9466834173684455, 0.9174461371743059, 0.7680671437445454]], [0.2, [0.9512095944260448, 0.9274514989673726, 0.7964445094920999]], [0.3, [0.9517707217424253, 0.9309163501333275, 0.8154192667160319]], [0.4, [0.9531641639271633, 0.9335600503836311, 0.8222793599076845]], [0.5, [0.9530696927988982, 0.9361353599139757, 0.8348929247296336]], [0.6, [0.9521496277488163, 0.9362629189801677, 0.8374563373919883]], [0.7, [0.9540344680446134, 0.9385816018991734, 0.839481940432874]], [0.8, [0.9550389610847183, 0.9400946350465285, 0.8405938271749842]], [0.9, [0.9553373991367311, 0.9405965152303082, 0.8430676176126056]], [1.0, [0.9548215687559845, 0.9404687277090479, 0.8443013315477231]]], "body.layer1.2.conv2": [[0.1, [0.9369097364073442, 0.909601516120367, 0.8001925714469266]], [0.2, [0.9391623129363982, 0.9163844311945342, 0.8164645258755036]], [0.3, [0.9496248056193919, 0.929527902954737, 0.8295960637638905]], [0.4, [0.9509703475553021, 0.9317867211708971, 0.8314864965905038]], [0.5, [0.9509177997589201, 0.9329472845950979, 0.8324810051782641]], [0.6, [0.9514584773761521, 0.9347465535673872, 0.8359147420585453]], [0.7, [0.9515681775543544, 0.9358568250053267, 0.8406927939157992]], [0.8, [0.9530705995248521, 0.9375949550920153, 0.8430919702625712]], [0.9, [0.9549332273516712, 0.9397912019044594, 0.8449793815136583]], [1.0, [0.9548215687559845, 0.9404687277090479, 0.8443013315477231]]]}