{"ssh1.conv5X5_2.0": [[0.1, [0.964820557471077, 0.9061092991864719, 0.5982522014695575]], [0.2, [0.9648087963918484, 0.9047743380400031, 0.6075537791845065]], [0.3, [0.9648231150292053, 0.9152787053962015, 0.6599807415651907]], [0.4, [0.9644379871104851, 0.918892153986701, 0.7224277416726653]], [0.5, [0.964211256632226, 0.9262705450919669, 0.7540196039842002]], [0.6, [0.9640982956020501, 0.9316603566650993, 0.7784844375084089]], [0.7, [0.9629478201180476, 0.9365719519853677, 0.802509579262558]], [0.8, [0.9601788816758229, 0.9386196190572696, 0.8288645124433176]], [0.9, [0.9580774001618055, 0.9399420676812854, 0.8358681919703157]], [1.0, [0.9548216310767927, 0.9404687244700308, 0.8443013272035363]]], "ssh1.conv7X7_2.0": [[0.1, [0.9437542791034604, 0.9371251898544628, 0.8204615230337486]], [0.2, [0.9439339884178494, 0.9365385457992724, 0.8265822476710778]], [0.3, [0.9459283390320489, 0.9375484311698595, 0.8284167525482418]], [0.4, [0.9465846252918916, 0.9388271303554012, 0.8301097823242566]], [0.5, [0.9468180049003864, 0.9391039812363696, 0.8309055175515543]], [0.6, [0.9478181427353333, 0.9399008984539938, 0.831352846924027]], [0.7, [0.9496598950045733, 0.9399223550164594, 0.8343874334354924]], [0.8, [0.9512327769908709, 0.9413884624953004, 0.8355308810618917]], [0.9, [0.9543086652320826, 0.9438486979146877, 0.844102069527872]], [1.0, [0.9548216310767927, 0.9404687244700308, 0.8443013272035363]]], "ssh1.conv7x7_3.0": [[0.1, [0.9638672875872977, 0.8630885087092046, 0.6082958942811139]], [0.2, [0.9638579259996295, 0.8886075256544076, 0.6509223897198455]], [0.3, [0.9637915411739743, 0.89243056645859, 0.6978484940060652]], [0.4, [0.9635282601199316, 0.902057548300068, 0.7119569772498662]], [0.5, [0.9627958521764058, 0.9070932242269624, 0.7405423830031335]], [0.6, [0.962615012331544, 0.9207986265080986, 0.7837046244984225]], [0.7, [0.9617917618819658, 0.9279613910885325, 0.8052366754358291]], [0.8, [0.9595805546690102, 0.9345117544796003, 0.8276457000575165]], [0.9, [0.958090297719196, 0.937689704528983, 0.8372117581723033]], [1.0, [0.9548216310767927, 0.9404687244700308, 0.8443013272035363]]], "ssh2.conv3X3.0": [[0.1, [0.44412958328980867, 0.6969663874249259, 0.7541246174226177]], [0.2, [0.47587987627677153, 0.7265784670315629, 0.7741335368872262]], [0.3, [0.5069593982948557, 0.7499085266971155, 0.7854783103324445]], [0.4, [0.6129034312385997, 0.8087185060360613, 0.8065660439700598]], [0.5, [0.7196417149566896, 0.8540441321422365, 0.8198700086035109]], [0.6, [0.7824735841770986, 0.8777637539143996, 0.8267841874498486]], [0.7, [0.8688176988569465, 0.9095663140821096, 0.8365838813081665]], [0.8, [0.9273535367200859, 0.9300880607120822, 0.8424890987409375]], [0.9, [0.9428555197912722, 0.9359841531230721, 0.8441058815827662]], [1.0, [0.9548216310767927, 0.9404687244700308, 0.8443013272035363]]], "ssh2.conv5X5_1.0": [[0.1, [0.7814164818074042, 0.8350721448480972, 0.7072488607823244]], [0.2, [0.8495264595030914, 0.8763965018501563, 0.75924440567617]], [0.3, [0.8955855962160534, 0.9059004161929727, 0.7999048421683524]], [0.4, [0.8981235223116149, 0.9093389453468046, 0.8075228874669087]], [0.5, [0.9020140242598701, 0.9100004989039199, 0.8065849376020305]], [0.6, [0.9116165129368297, 0.9143904707659287, 0.8091432681302885]], [0.7, [0.9401190583530298, 0.9293237876144242, 0.8225009327203543]], [0.8, [0.9534461286645882, 0.9392911210904807, 0.8420698973772236]], [0.9, [0.9559149336650743, 0.9407003727849329, 0.8436324618863776]], [1.0, [0.9548216310767927, 0.9404687244700308, 0.8443013272035363]]], "ssh2.conv5X5_2.0": [[0.1, [0.7337314231239938, 0.8621316903543366, 0.8240729661788708]], [0.2, [0.7572868505054555, 0.870510322008658, 0.8262271344395968]], [0.3, [0.7810537604906618, 0.8792794894862092, 0.8286324071290759]], [0.4, [0.8109962107833135, 0.8897245760731852, 0.8312978690385638]], [0.5, [0.8450872198299176, 0.9012412950752504, 0.8341722148480446]], [0.6, [0.8665050848584179, 0.908317056661208, 0.8359763456373213]], [0.7, [0.9018865215685706, 0.9207218991800452, 0.8395654231673492]], [0.8, [0.9364532240721541, 0.9335295017302471, 0.84351442207454]], [0.9, [0.9483572388438569, 0.9383256126646468, 0.8446468425977532]], [1.0, [0.9548216310767927, 0.9404687244700308, 0.8443013272035363]]], "ssh2.conv7X7_2.0": [[0.1, [0.9523911391970613, 0.9365748713691605, 0.8316154127812303]], [0.2, [0.9553205572907091, 0.938648677578627, 0.8346392330776408]], [0.3, [0.9570371020594316, 0.9393501706897256, 0.8352542572009891]], [0.4, [0.9562139030615496, 0.9402179488638338, 0.8399473560903888]], [0.5, [0.9571810711714354, 0.9412637005113121, 0.8415086966784884]], [0.6, [0.9570970310142052, 0.9410724194087229, 0.8412407889026525]], [0.7, [0.9567786238741686, 0.9412182418315475, 0.8418674813906103]], [0.8, [0.9563088794484799, 0.9411560273983457, 0.8425722848469919]], [0.9, [0.9567672325392896, 0.9416143348616798, 0.8438961539085953]], [1.0, [0.9548216310767927, 0.9404687244700308, 0.8443013272035363]]], "ssh2.conv7x7_3.0": [[0.1, [0.7438937333039581, 0.8636248736917908, 0.8242241486244155]], [0.2, [0.8062376724919096, 0.887205581129698, 0.8308921964033167]], [0.3, [0.8062138602489785, 0.8873626781650392, 0.8309608225062444]], [0.4, [0.8352673148953834, 0.8979879750347796, 0.833822830994469]], [0.5, [0.8866544202679432, 0.9158959413976258, 0.8385769098346687]], [0.6, [0.9055487858783399, 0.9223179917404312, 0.8403092184505784]], [0.7, [0.929963531817193, 0.9311667471636942, 0.8429956821018506]], [0.8, [0.9395992154378016, 0.9348290437415031, 0.8440004995666721]], [0.9, [0.9482905824521226, 0.9382072363251456, 0.8446129066576903]], [1.0, [0.9548216310767927, 0.9404687244700308, 0.8443013272035363]]], "ssh3.conv3X3.0": [[0.1, [0.9088508724365404, 0.9204344438910433, 0.8375634036782873]], [0.2, [0.9169451113853768, 0.9247049775308559, 0.8392457365814733]], [0.3, [0.9230242662132495, 0.9274877421524473, 0.8401951318284295]], [0.4, [0.9285858694786209, 0.9298109852133483, 0.8408085877487764]], [0.5, [0.9415178342770365, 0.9356117474920257, 0.8429878122949259]], [0.6, [0.9469047255992976, 0.9375031818679811, 0.843447431707398]], [0.7, [0.9518104535174534, 0.939335611268408, 0.8440745459927682]], [0.8, [0.953315902518385, 0.9398465047131944, 0.8442312196765132]], [0.9, [0.954258169674257, 0.9403025428188078, 0.844348828785132]], [1.0, [0.9548216310767927, 0.9404687244700308, 0.8443013272035363]]], "ssh3.conv5X5_1.0": [[0.1, [0.9451387815484379, 0.9312445743985213, 0.8239743823512137]], [0.2, [0.945316970716511, 0.9312065328648703, 0.8247412821836688]], [0.3, [0.946317556758794, 0.932220505946886, 0.827224149437714]], [0.4, [0.9470047060104052, 0.932609196991007, 0.8276362104466315]], [0.5, [0.946568948711993, 0.9319821292969237, 0.8264099476240498]], [0.6, [0.947090448200395, 0.9322399549752212, 0.8267359882855976]], [0.7, [0.9493298026546096, 0.9345153925073562, 0.8309840303413617]], [0.8, [0.9519788987285942, 0.9372835957462882, 0.8366306767443973]], [0.9, [0.9533117122537591, 0.9384672562632332, 0.8389880945788136]], [1.0, [0.9548216310767927, 0.9404687244700308, 0.8443013272035363]]]}