{"ssh3.conv5X5_2.0": [[0.1, [0.9244820488425489, 0.9272551187745062, 0.8395641791330638]], [0.2, [0.9274000898916283, 0.9282608084205936, 0.839701072263206]], [0.3, [0.9297740466939631, 0.9293124694100303, 0.8400827150962482]], [0.4, [0.9342523499461913, 0.9314232151075842, 0.8407982798811469]], [0.5, [0.9396794767352284, 0.9333917026153652, 0.8410874186523565]], [0.6, [0.9468318862067414, 0.9365619253962154, 0.8425828176971235]], [0.7, [0.9527122842583048, 0.939624437491025, 0.8441089645891829]], [0.8, [0.953501804558937, 0.9399209264462199, 0.8442349116852959]], [0.9, [0.9546505258426907, 0.9405537677312363, 0.8444899475390181]], [1.0, [0.9548215687559845, 0.9404687277090479, 0.8443013315477231]]], "ssh3.conv7X7_2.0": [[0.1, [0.9476878793697644, 0.9342560949488702, 0.833801638224036]], [0.2, [0.9482277167911507, 0.9345826125448494, 0.8341707921357282]], [0.3, [0.9466159897838138, 0.9331011360989347, 0.8316116918479943]], [0.4, [0.947739165381471, 0.934188142871342, 0.8333680806405257]], [0.5, [0.9509384411332991, 0.9373774250255784, 0.8395491153637539]], [0.6, [0.9516570662389267, 0.9379479483425404, 0.8407513353882319]], [0.7, [0.951227844674003, 0.9373378366050682, 0.8385785968447536]], [0.8, [0.9534151386915863, 0.9392398912142221, 0.8415109042424294]], [0.9, [0.9545345567212423, 0.9403061909928144, 0.8438454821085867]], [1.0, [0.9548215687559845, 0.9404687277090479, 0.8443013315477231]]], "ssh3.conv7x7_3.0": [[0.1, [0.9095655519202863, 0.9215637287566116, 0.8387414838812538]], [0.2, [0.9291268570390687, 0.9309780327570997, 0.8418740649156555]], [0.3, [0.9345231025456122, 0.9331165468087695, 0.8424438775507542]], [0.4, [0.9410372080989364, 0.935315778549388, 0.8428886387108832]], [0.5, [0.9369563894496494, 0.9326861878534627, 0.8412507360283253]], [0.6, [0.9282584433422373, 0.9266316179518819, 0.8370291433249716]], [0.7, [0.9486921522251459, 0.9378899688748081, 0.8433890533850554]], [0.8, [0.9508354228358863, 0.9388278904869688, 0.8437622906439867]], [0.9, [0.9528481515174235, 0.9397346966006785, 0.8441975089187903]], [1.0, [0.9548215687559845, 0.9404687277090479, 0.8443013315477231]]], "ClassHead.0.conv1x1": [[0.1, [0.9335628804013738, 0.6319632886815499, 0.26372964258245507]], [0.2, [0.9335628804013738, 0.6319632886815499, 0.26372964258245507]], [0.3, [0.9417783188529957, 0.9075665353415066, 0.5076058201760987]], [0.4, [0.9417783188529957, 0.9075665353415066, 0.5076058201760987]], [0.5, [0.942502948281876, 0.9149033549184996, 0.5210927502609148]], [0.6, [0.942502948281876, 0.9149033549184996, 0.5210927502609148]], [0.7, [0.942502948281876, 0.9149033549184996, 0.5210927502609148]], [0.8, [0.9496759745124644, 0.9320321185122316, 0.8456602293845461]], [0.9, [0.9496759745124644, 0.9320321185122316, 0.8456602293845461]], [1.0, [0.9548215687559845, 0.9404687277090479, 0.8443013315477231]]], "ClassHead.1.conv1x1": [[0.1, [0.36075579369307925, 0.6056857540309232, 0.6040495093549592]], [0.2, [0.36075579369307925, 0.6056857540309232, 0.6040495093549592]], [0.3, [0.6631387100451529, 0.77021523800244, 0.6735157862533395]], [0.4, [0.6631387100451529, 0.77021523800244, 0.6735157862533395]], [0.5, [0.6625692112127877, 0.7662880532834413, 0.6711803426956587]], [0.6, [0.6625692112127877, 0.7662880532834413, 0.6711803426956587]], [0.7, [0.6625692112127877, 0.7662880532834413, 0.6711803426956587]], [0.8, [0.9504872332190799, 0.9397796131857945, 0.8304025254979142]], [0.9, [0.9504872332190799, 0.9397796131857945, 0.8304025254979142]], [1.0, [0.9548215687559845, 0.9404687277090479, 0.8443013315477231]]], "ClassHead.2.conv1x1": [[0.1, [0.8623764006032172, 0.87324337241307, 0.7244210230194833]], [0.2, [0.8623764006032172, 0.87324337241307, 0.7244210230194833]], [0.3, [0.9061323410039145, 0.8974790941091059, 0.7379147253039133]], [0.4, [0.9061323410039145, 0.8974790941091059, 0.7379147253039133]], [0.5, [0.9062505599919881, 0.8972522741122867, 0.7375787751957367]], [0.6, [0.9062505599919881, 0.8972522741122867, 0.7375787751957367]], [0.7, [0.9062505599919881, 0.8972522741122867, 0.7375787751957367]], [0.8, [0.9543083802577099, 0.9393613066741772, 0.8390153765493186]], [0.9, [0.9543083802577099, 0.9393613066741772, 0.8390153765493186]], [1.0, [0.9548215687559845, 0.9404687277090479, 0.8443013315477231]]], "BboxHead.0.conv1x1": [[0.1, [0.8781044206710664, 0.8489643539582318, 0.5806305002928724]], [0.2, [0.8815374490972212, 0.854586429352836, 0.6163948757505671]], [0.3, [0.8847434013272932, 0.8606110536851871, 0.65584532277024]], [0.4, [0.885939613692407, 0.8616415491067896, 0.6632784785075291]], [0.5, [0.8917246245566804, 0.8474692540933344, 0.6356189019065429]], [0.6, [0.8917246245566804, 0.8474692540933344, 0.6356189019065429]], [0.7, [0.9185168619480736, 0.9017065146056987, 0.7373681439413335]], [0.8, [0.9419221391986475, 0.9215209387442058, 0.7578568344856433]], [0.9, [0.9480188292612777, 0.9294818015685503, 0.8183162492324829]], [1.0, [0.9548215687559845, 0.9404687277090479, 0.8443013315477231]]], "BboxHead.1.conv1x1": [[0.1, [0.6876256383470659, 0.6713751972407571, 0.5487470735260238]], [0.2, [0.7218897884486936, 0.7164179338195484, 0.5907352584623262]], [0.3, [0.789444187839283, 0.7915517960094032, 0.6848091778633724]], [0.4, [0.795769989349871, 0.8027986624453691, 0.7009469508619014]], [0.5, [0.8023755023612474, 0.8101544695393288, 0.7129781112645148]], [0.6, [0.8023755023612474, 0.8101544695393288, 0.7129781112645148]], [0.7, [0.8090506525296344, 0.8153494782253615, 0.7232406607105539]], [0.8, [0.8608859897534792, 0.8566858628956654, 0.7522138852251012]], [0.9, [0.9008241664057829, 0.8955367744386877, 0.80353194492478]], [1.0, [0.9548215687559845, 0.9404687277090479, 0.8443013315477231]]], "BboxHead.2.conv1x1": [[0.1, [0.8130745181756069, 0.8283013436010879, 0.7517543898444854]], [0.2, [0.8094992394166757, 0.8263971248657991, 0.7510244541925941]], [0.3, [0.8079246394806551, 0.8308425897778638, 0.75671366504926]], [0.4, [0.8313621202560488, 0.8489048163769902, 0.7678885583549453]], [0.5, [0.8399942610839558, 0.8539811147525982, 0.7712949690926154]], [0.6, [0.8399942610839558, 0.8539811147525982, 0.7712949690926154]], [0.7, [0.8672066981172476, 0.8770412753715777, 0.7956227923252653]], [0.8, [0.9039589298984771, 0.9048549551054106, 0.815812081849154]], [0.9, [0.9261260548443783, 0.9228393612045094, 0.8314131862567699]], [1.0, [0.9548215687559845, 0.9404687277090479, 0.8443013315477231]]], "LandmarkHead.0.conv1x1": [[0.1, [0.9548215687559845, 0.9404687277090479, 0.8443013315477231]], [0.2, [0.9548215687559845, 0.9404687277090479, 0.8443013315477231]], [0.3, [0.9548215687559845, 0.9404687277090479, 0.8443013315477231]], [0.4, [0.9548215687559845, 0.9404687277090479, 0.8443013315477231]], [0.5, [0.9548215687559845, 0.9404687277090479, 0.8443013315477231]], [0.6, [0.9548215687559845, 0.9404687277090479, 0.8443013315477231]], [0.7, [0.9548215687559845, 0.9404687277090479, 0.8443013315477231]], [0.8, [0.9548215687559845, 0.9404687277090479, 0.8443013315477231]], [0.9, [0.9548215687559845, 0.9404687277090479, 0.8443013315477231]], [1.0, [0.9548215687559845, 0.9404687277090479, 0.8443013315477231]]]}