{"body.layer3.5.conv1": [[0.1, [0.9280377721093513, 0.9234328327792799, 0.8393257733204282]], [0.2, [0.9329552249352504, 0.925969541303308, 0.8408749219714979]], [0.3, [0.9358875322957616, 0.9275714858573222, 0.8414957951033895]], [0.4, [0.9386933447397112, 0.9284521510235014, 0.8432403710323202]], [0.5, [0.9405444989734435, 0.9308750074903575, 0.8424074546983098]], [0.6, [0.9452347855009471, 0.9343439776096623, 0.845440207839693]], [0.7, [0.9484823875855052, 0.9368002463237425, 0.8457998607745751]], [0.8, [0.9504333831151058, 0.9382773546543092, 0.8453561640693403]], [0.9, [0.9537782052415704, 0.9398391448407574, 0.844727432951494]], [1.0, [0.9548215687559845, 0.9404687277090479, 0.8443013315477231]]], "body.layer3.5.conv2": [[0.1, [0.9247551678121181, 0.9168222160111681, 0.8143331564372213]], [0.2, [0.9276656889515913, 0.9154285147906839, 0.8318241951569681]], [0.3, [0.9392627465172195, 0.9274940391268894, 0.8369275194564012]], [0.4, [0.9433855719853191, 0.9318242899004961, 0.8415507008395284]], [0.5, [0.9471551078085305, 0.9335659081496137, 0.8417025385538989]], [0.6, [0.9491261805466387, 0.9376571021264036, 0.8427532330667744]], [0.7, [0.9475457850001578, 0.9350833297032732, 0.8438871529311875]], [0.8, [0.9508598914627693, 0.9380782851212303, 0.8457988769364436]], [0.9, [0.9551732654850561, 0.9405813825819016, 0.8421971035471589]], [1.0, [0.9548215687559845, 0.9404687277090479, 0.8443013315477231]]], "body.layer3.5.conv3": [[0.1, [0.9332093681358651, 0.927042671491727, 0.8433058849043559]], [0.2, [0.9407793962446132, 0.931503416272951, 0.844345839218378]], [0.3, [0.9437299382656589, 0.9315001506276618, 0.8465199522069795]], [0.4, [0.9470024269305841, 0.9340675666300825, 0.8467253834347603]], [0.5, [0.9522127291386753, 0.9378480138406918, 0.8464401170552787]], [0.6, [0.9539794531585071, 0.9391122573180286, 0.8454545905117424]], [0.7, [0.9544897664468016, 0.9396356417649137, 0.8435755122875278]], [0.8, [0.9551860709925372, 0.9407384273711112, 0.8446066580834426]], [0.9, [0.9553280582327958, 0.9409799671256991, 0.8445608347929796]], [1.0, [0.9548215687559845, 0.9404687277090479, 0.8443013315477231]]], "body.layer4.0.conv1": [[0.1, [0.9333232160006649, 0.9257964709448395, 0.7885442015913816]], [0.2, [0.9394626278259334, 0.9266763864451191, 0.810403182136107]], [0.3, [0.9490067240380341, 0.9353271463794461, 0.8257831974405725]], [0.4, [0.9506448178455462, 0.9389608206542578, 0.8342463789685923]], [0.5, [0.9533840552729009, 0.9405571166088986, 0.8345558879353465]], [0.6, [0.9533601542044055, 0.941389498599676, 0.8395107504793217]], [0.7, [0.9535776027596662, 0.9404877325326381, 0.8398233062058867]], [0.8, [0.954120188647606, 0.9409280191362409, 0.841037600617846]], [0.9, [0.9556861771548288, 0.941966405771955, 0.8442434066506936]], [1.0, [0.9548215687559845, 0.9404687277090479, 0.8443013315477231]]], "body.layer4.0.conv2": [[0.1, [0.9282022535657112, 0.9224795592090058, 0.8255897340106761]], [0.2, [0.946067465684408, 0.9346564173777463, 0.8317289847743438]], [0.3, [0.9517886195556527, 0.9385558014777425, 0.8363131780226516]], [0.4, [0.9520689997979057, 0.9385166389940289, 0.8380111229811471]], [0.5, [0.9526551151132269, 0.9397631945161569, 0.8406988981261664]], [0.6, [0.9541887090889938, 0.9408664694899903, 0.8421807578851729]], [0.7, [0.9549598018708658, 0.9402330806928776, 0.8410159868631704]], [0.8, [0.9546123470002726, 0.9405078892838332, 0.8425791979838131]], [0.9, [0.9544200773655751, 0.940471337468954, 0.8437631932182322]], [1.0, [0.9548215687559845, 0.9404687277090479, 0.8443013315477231]]], "body.layer4.0.conv3": [[0.1, [0.9401581658199609, 0.9296112278718706, 0.8371212071282826]], [0.2, [0.9450436868205256, 0.9332680834414289, 0.8404706290893497]], [0.3, [0.9487075003679624, 0.9354560080174591, 0.8423986766925425]], [0.4, [0.9501734010315414, 0.936151223829027, 0.8426638102481563]], [0.5, [0.952562402034776, 0.939019084937411, 0.8438335554502221]], [0.6, [0.9539521950818679, 0.9404235559912781, 0.8440417198069424]], [0.7, [0.9548116184061544, 0.9407667610416623, 0.8451848580532177]], [0.8, [0.9543866627385924, 0.9405822349689101, 0.8447208057865128]], [0.9, [0.9544154525948391, 0.9403907083592348, 0.8447945669774227]], [1.0, [0.9548215687559845, 0.9404687277090479, 0.8443013315477231]]], "body.layer4.0.downsample.0": [[0.1, [0.9478669278960549, 0.9364839991652129, 0.8437629362158523]], [0.2, [0.9497117566618559, 0.9380191388269763, 0.8435909943826423]], [0.3, [0.9494265536713367, 0.9377763866534409, 0.8438629835670598]], [0.4, [0.9503300828146962, 0.9380745684911569, 0.8434127520583966]], [0.5, [0.9517143156804039, 0.9390960234060309, 0.8446862924860873]], [0.6, [0.9525402344606391, 0.9397020118425815, 0.8439784586575559]], [0.7, [0.9531027603518089, 0.9400614941508433, 0.8442620517649025]], [0.8, [0.953676590724465, 0.940275340963699, 0.8437763161795627]], [0.9, [0.954482952063438, 0.9406066973948997, 0.8434997504740516]], [1.0, [0.9548215687559845, 0.9404687277090479, 0.8443013315477231]]], "body.layer4.1.conv1": [[0.1, [0.9324476442201773, 0.9244865304073301, 0.839534399942639]], [0.2, [0.9403864107325176, 0.9318244700066689, 0.8361140994013916]], [0.3, [0.9445745940103607, 0.9356788340042091, 0.8391580418742578]], [0.4, [0.9448162170241807, 0.935239563475434, 0.8424923688708298]], [0.5, [0.950483764758852, 0.939023562984719, 0.8424128440812226]], [0.6, [0.948954661740956, 0.937887203146768, 0.8443363706208556]], [0.7, [0.950933235828211, 0.9384381996734878, 0.8425357570064311]], [0.8, [0.9526396890962561, 0.9381300923613809, 0.8436025167987821]], [0.9, [0.9542337294227097, 0.9395406105505278, 0.8426527992688384]], [1.0, [0.9548215687559845, 0.9404687277090479, 0.8443013315477231]]], "body.layer4.1.conv2": [[0.1, [0.8882919064676396, 0.9023705413498357, 0.8256597922026934]], [0.2, [0.923979093327594, 0.9202824492280598, 0.8310730724704977]], [0.3, [0.9310303346802417, 0.9235523625725868, 0.8318370829073967]], [0.4, [0.9340357284934288, 0.9250088394426146, 0.8335745340818064]], [0.5, [0.9363294897885229, 0.9274468459893979, 0.8363851750328548]], [0.6, [0.9400430308418473, 0.9293066131471248, 0.8360640430618111]], [0.7, [0.9442831524049121, 0.932550674126405, 0.8387887803832782]], [0.8, [0.9479929923378154, 0.9356481915828829, 0.8399790407340277]], [0.9, [0.953141027805983, 0.9405660616069408, 0.8462420943935106]], [1.0, [0.9548215687559845, 0.9404687277090479, 0.8443013315477231]]], "body.layer4.1.conv3": [[0.1, [0.9342562228608435, 0.9261575501693793, 0.836512121241539]], [0.2, [0.9412740088404798, 0.931455781166785, 0.8399009387764089]], [0.3, [0.9451733609877317, 0.9348295133144441, 0.8415653319451968]], [0.4, [0.9483269517691959, 0.9363532130671275, 0.8432073123255531]], [0.5, [0.9499758639593451, 0.9369733376554416, 0.8437141146719012]], [0.6, [0.9513629597048157, 0.9379671644394101, 0.8446162922551481]], [0.7, [0.9525532612404635, 0.9385819178904184, 0.8438534253693052]], [0.8, [0.9543121668949824, 0.9399484085892454, 0.8449362712527274]], [0.9, [0.9546677559716296, 0.9403326431544172, 0.844163166902682]], [1.0, [0.9548215687559845, 0.9404687277090479, 0.8443013315477231]]]}