{"LandmarkHead.1.conv1x1": [[0.1, [0.9548215687559845, 0.9404687277090479, 0.8443013315477231]], [0.2, [0.9548215687559845, 0.9404687277090479, 0.8443013315477231]], [0.3, [0.9548215687559845, 0.9404687277090479, 0.8443013315477231]], [0.4, [0.9548215687559845, 0.9404687277090479, 0.8443013315477231]], [0.5, [0.9548215687559845, 0.9404687277090479, 0.8443013315477231]], [0.6, [0.9548215687559845, 0.9404687277090479, 0.8443013315477231]], [0.7, [0.9548215687559845, 0.9404687277090479, 0.8443013315477231]], [0.8, [0.9548215687559845, 0.9404687277090479, 0.8443013315477231]], [0.9, [0.9548215687559845, 0.9404687277090479, 0.8443013315477231]], [1.0, [0.9548215687559845, 0.9404687277090479, 0.8443013315477231]]], "LandmarkHead.2.conv1x1": [[0.1, [0.9548215687559845, 0.9404687277090479, 0.8443013315477231]], [0.2, [0.9548215687559845, 0.9404687277090479, 0.8443013315477231]], [0.3, [0.9548215687559845, 0.9404687277090479, 0.8443013315477231]], [0.4, [0.9548215687559845, 0.9404687277090479, 0.8443013315477231]], [0.5, [0.9548215687559845, 0.9404687277090479, 0.8443013315477231]], [0.6, [0.9548215687559845, 0.9404687277090479, 0.8443013315477231]], [0.7, [0.9548215687559845, 0.9404687277090479, 0.8443013315477231]], [0.8, [0.9548215687559845, 0.9404687277090479, 0.8443013315477231]], [0.9, [0.9548215687559845, 0.9404687277090479, 0.8443013315477231]], [1.0, [0.9548215687559845, 0.9404687277090479, 0.8443013315477231]]]}