{"body.layer1.2.conv3": [[0.1, [0.9544349754370334, 0.9310218561909347, 0.7935352843586525]], [0.2, [0.9557388533063915, 0.93872269300176, 0.8255663431337602]], [0.3, [0.9546639053972722, 0.9400898753607607, 0.8406517272522138]], [0.4, [0.9554518332452421, 0.9407496117850347, 0.8434786174127209]], [0.5, [0.9549853883026866, 0.9406733016877659, 0.844468146863]], [0.6, [0.9550502082840621, 0.9406986915205061, 0.8441028104791897]], [0.7, [0.954909090840662, 0.9405390962988559, 0.844125402313899]], [0.8, [0.9548389120050466, 0.940548317236699, 0.8441940333544364]], [0.9, [0.9548200937677437, 0.9404713191649821, 0.8441802268423336]], [1.0, [0.9548215436646303, 0.9404687263141758, 0.8443013439028271]]], "body.layer2.0.conv1": [[0.1, [0.7447006580668081, 0.591904943179207, 0.27084282532693954]], [0.2, [0.7703214624109989, 0.6564257320323355, 0.3239080635432418]], [0.3, [0.8747266284958273, 0.8096404085933104, 0.5069646740011682]], [0.4, [0.9252916982292617, 0.8930302261254802, 0.6784611181511717]], [0.5, [0.9341043491184147, 0.910508964750204, 0.7465731179828963]], [0.6, [0.945271284667493, 0.9276464506712587, 0.7984558025979973]], [0.7, [0.9509642412776429, 0.9341764447203814, 0.8283226013246898]], [0.8, [0.9516623584549435, 0.9358308982577029, 0.8351465238525049]], [0.9, [0.9550431510429217, 0.9403696726459243, 0.8408973158074999]], [1.0, [0.9548215436646303, 0.9404687263141758, 0.8443013439028271]]], "body.layer2.0.conv2": [[0.1, [0.9417698034747689, 0.9124355354974693, 0.6540639508193185]], [0.2, [0.9473973897097436, 0.9215312893681695, 0.70821444712266]], [0.3, [0.9515482770905536, 0.9283452939437938, 0.7714656880886066]], [0.4, [0.9527046013802699, 0.9325616287411911, 0.7959576427601047]], [0.5, [0.9527874510421162, 0.9346517494519734, 0.8140934447445762]], [0.6, [0.9530387716549986, 0.9354751904866717, 0.8225097757432092]], [0.7, [0.9533308844087857, 0.9369302047074002, 0.8320230392015838]], [0.8, [0.9524198430729511, 0.9363612437649392, 0.8369934517571698]], [0.9, [0.9530972624971196, 0.937935976308589, 0.8413648097649817]], [1.0, [0.9548215436646303, 0.9404687263141758, 0.8443013439028271]]], "body.layer2.0.conv3": [[0.1, [0.9314300117904232, 0.8928006909762758, 0.6166972800192585]], [0.2, [0.943906140769961, 0.9210834724685097, 0.7610087110993182]], [0.3, [0.9488600242425662, 0.9293580044006267, 0.8153161604342136]], [0.4, [0.952676382138739, 0.9339406834179725, 0.828594456988533]], [0.5, [0.9547181146019663, 0.9380768155283562, 0.8384602868264557]], [0.6, [0.9550014350741733, 0.9401997087142808, 0.8431580272193867]], [0.7, [0.9550223626450658, 0.9404001226536594, 0.8440505971299611]], [0.8, [0.9549623246464832, 0.9404803202911922, 0.8442775637278147]], [0.9, [0.9548215436646303, 0.9404687263141758, 0.8443013439028271]], [1.0, [0.9548215436646303, 0.9404687263141758, 0.8443013439028271]]], "body.layer2.0.downsample.0": [[0.1, [0.9107244108149121, 0.8922750225031245, 0.7887447729609024]], [0.2, [0.9362060075502638, 0.9190905236876709, 0.8185601185459475]], [0.3, [0.9452023978358902, 0.9298311686863331, 0.8317835463667658]], [0.4, [0.9493685076460568, 0.9348509399330561, 0.839307285114373]], [0.5, [0.9515728276397429, 0.9372573604979585, 0.8411463469262199]], [0.6, [0.953897462055821, 0.9401530328871315, 0.8426267555964795]], [0.7, [0.9546143972586583, 0.9403764309215196, 0.8436624949619473]], [0.8, [0.9546025016289684, 0.9403555523734197, 0.8445454382659681]], [0.9, [0.9548215436646303, 0.9404687263141758, 0.8443013439028271]], [1.0, [0.9548215436646303, 0.9404687263141758, 0.8443013439028271]]], "body.layer2.1.conv1": [[0.1, [0.942124686706806, 0.9268909077452046, 0.8336091957227969]], [0.2, [0.9475118889680252, 0.9325820288483271, 0.8391665243102775]], [0.3, [0.9500030127582082, 0.9355288990051396, 0.8417256883664119]], [0.4, [0.951157413227059, 0.9366516555922807, 0.8435373397433228]], [0.5, [0.9526383018445652, 0.9384827705782333, 0.8435459835277787]], [0.6, [0.9532459248354487, 0.9388461221107329, 0.8436682420335659]], [0.7, [0.9543288313187839, 0.9399295700481869, 0.8444485260235759]], [0.8, [0.954665336025634, 0.940232522657066, 0.8444053870542052]], [0.9, [0.9546901031848762, 0.9401835838599656, 0.8442272919004757]], [1.0, [0.9548215436646303, 0.9404687263141758, 0.8443013439028271]]], "body.layer2.1.conv2": [[0.1, [0.880228795880646, 0.8897874488412061, 0.7641759083833756]], [0.2, [0.8914015927722361, 0.8977877032955839, 0.7724979726453832]], [0.3, [0.908532793455573, 0.9108125696716132, 0.7867879829288497]], [0.4, [0.9114451497751695, 0.9128044065115423, 0.7930060922404413]], [0.5, [0.920864957728878, 0.9184872049887554, 0.8058815018449051]], [0.6, [0.9535801369970327, 0.9409267780655545, 0.8385780773584499]], [0.7, [0.9538349259968091, 0.9406993136119746, 0.8402139805621839]], [0.8, [0.9545337425529629, 0.9407677714479431, 0.8439070153609236]], [0.9, [0.9551045011742665, 0.9406431690786369, 0.8442593663747293]], [1.0, [0.9548215436646303, 0.9404687263141758, 0.8443013439028271]]], "body.layer2.1.conv3": [[0.1, [0.9437855990624467, 0.9303892040344348, 0.8403003399152215]], [0.2, [0.9531373243888268, 0.9394122153658327, 0.8442167013232006]], [0.3, [0.954018065757946, 0.9397297483436928, 0.8437673968695273]], [0.4, [0.9544085440136201, 0.9401145828282169, 0.8442898472174432]], [0.5, [0.9547367463419787, 0.9405200913492661, 0.8441630515183789]], [0.6, [0.9549089139713591, 0.9405818360177147, 0.8440575538197985]], [0.7, [0.9548369594633545, 0.9405533183957671, 0.8437967299019431]], [0.8, [0.9548847759379154, 0.9405026396941789, 0.8442702166102465]], [0.9, [0.9546820612857227, 0.9403778006812, 0.844149279883261]], [1.0, [0.9548215436646303, 0.9404687263141758, 0.8443013439028271]]], "body.layer2.2.conv1": [[0.1, [0.9379694516110679, 0.9227514653857867, 0.8166260543389758]], [0.2, [0.944275396362262, 0.9287233195740034, 0.8236809911382665]], [0.3, [0.9446293873703535, 0.9292371083835698, 0.8260153727951999]], [0.4, [0.9460982326558015, 0.9303193564223073, 0.8323175413796693]], [0.5, [0.9487042481732221, 0.9334764426624776, 0.8352568891402636]], [0.6, [0.9511264302550391, 0.9350488216390752, 0.8359827865215056]], [0.7, [0.9525847941192817, 0.9362655521628049, 0.83749774616504]], [0.8, [0.9525510552155741, 0.9378636207676889, 0.8413695269626202]], [0.9, [0.9542414901505004, 0.9394866528597273, 0.8427785299126949]], [1.0, [0.9548215436646303, 0.9404687263141758, 0.8443013439028271]]], "body.layer2.2.conv2": [[0.1, [0.938191727388866, 0.9197220554798, 0.8112408526139355]], [0.2, [0.9432148162207716, 0.9265628241118965, 0.8221617679428809]], [0.3, [0.9468803515730275, 0.9308950919522015, 0.8278330695228018]], [0.4, [0.9477942028670476, 0.9307399935092524, 0.8299443977454841]], [0.5, [0.9468078501802406, 0.9314997843845155, 0.8330781978890366]], [0.6, [0.9503672491787188, 0.9354296987657545, 0.8371170771630865]], [0.7, [0.9514601695662033, 0.9371870591287516, 0.8378338726965122]], [0.8, [0.9531737249026863, 0.9388718806640561, 0.8398633026835531]], [0.9, [0.9534960640541135, 0.9395443608853711, 0.8427071141293534]], [1.0, [0.9548215436646303, 0.9404687263141758, 0.8443013439028271]]]}